# Zuordnung zu Kantonen, erzeugt aus dem Amtlichen Ortschaftenverzeichnis
# von swisstopo (AMTOVZ_CSV_LV95) mit tool/plz_kantone_erzeugen.dart.
# Nicht von Hand bearbeiten.
#
# Zwei Arten von Zeilen:
#   8005,ZH      Postleitzahl -> Kanton
#   zurich,ZH    Ortsname (normalisiert) -> Kanton
# Der Ortsname faengt die Postfach-Postleitzahlen auf, die im
# Ortschaftenverzeichnis fehlen (3000 Bern, 1211 Geneve und weitere).
#
# Reicht ein Eintrag ueber eine Kantonsgrenze, entscheidet der
# Adressenanteil: aufgenommen wird nur, wo mindestens 90 Prozent der
# Adressen im selben Kanton liegen.
# Postleitzahlen: 3147 (ausgelassen: 30 -- 1290, 1410, 1534, 1565, 1595, 1608, 1738, 1787, 2345, 2748, 2827, 3206, 3801, 4564, 5017, 6010, 6340, 6356, 6388, 6452, 7315, 8212, 8495, 8525, 8546, 8640, 8866, 8872, 9105, 9442)
# Ortsnamen: 3937 (ausgelassen: 20 -- barmelweid, bisisthal, grafenort, jungfraujoch, la cibourg, le cerneux veusil, les ecorcheresses, oleyres, riemenstalden, rigi kaltbad, sangernboden, schelten, schmidruti, schonengrund, sihlbrugg, sisikon, vattis, weesen, wilen b neunforn, ziegelbrucke)
1000,VD
1003,VD
1004,VD
1005,VD
1006,VD
1007,VD
1008,VD
1009,VD
1010,VD
1011,VD
1012,VD
1015,VD
1018,VD
1020,VD
1022,VD
1023,VD
1024,VD
1025,VD
1026,VD
1027,VD
1028,VD
1029,VD
1030,VD
1031,VD
1032,VD
1033,VD
1034,VD
1035,VD
1036,VD
1037,VD
1038,VD
1040,VD
1041,VD
1042,VD
1043,VD
1044,VD
1045,VD
1046,VD
1047,VD
1052,VD
1053,VD
1054,VD
1055,VD
1058,VD
1059,VD
1061,VD
1062,VD
1063,VD
1066,VD
1068,VD
1070,VD
1071,VD
1072,VD
1073,VD
1076,VD
1077,VD
1078,VD
1080,VD
1081,VD
1082,VD
1083,VD
1084,VD
1085,VD
1088,VD
1090,VD
1091,VD
1092,VD
1093,VD
1094,VD
1095,VD
1096,VD
1097,VD
1098,VD
1110,VD
1112,VD
1113,VD
1114,VD
1115,VD
1116,VD
1117,VD
1121,VD
1122,VD
1123,VD
1124,VD
1125,VD
1126,VD
1127,VD
1128,VD
1131,VD
1132,VD
1134,VD
1135,VD
1136,VD
1141,VD
1142,VD
1143,VD
1144,VD
1145,VD
1146,VD
1147,VD
1148,VD
1149,VD
1162,VD
1163,VD
1164,VD
1165,VD
1166,VD
1167,VD
1168,VD
1169,VD
1170,VD
1172,VD
1173,VD
1174,VD
1175,VD
1176,VD
1180,VD
1182,VD
1183,VD
1184,VD
1185,VD
1186,VD
1187,VD
1188,VD
1189,VD
1195,VD
1196,VD
1197,VD
1201,GE
1202,GE
1203,GE
1204,GE
1205,GE
1206,GE
1207,GE
1208,GE
1209,GE
1212,GE
1213,GE
1214,GE
1215,GE
1216,GE
1217,GE
1218,GE
1219,GE
1220,GE
1222,GE
1223,GE
1224,GE
1225,GE
1226,GE
1227,GE
1228,GE
1231,GE
1232,GE
1233,GE
1234,GE
1236,GE
1237,GE
1239,GE
1241,GE
1242,GE
1243,GE
1244,GE
1245,GE
1246,GE
1247,GE
1248,GE
1251,GE
1252,GE
1253,GE
1254,GE
1255,GE
1256,GE
1257,GE
1258,GE
1260,VD
1261,VD
1262,VD
1263,VD
1264,VD
1265,VD
1266,VD
1267,VD
1268,VD
1269,VD
1270,VD
1271,VD
1272,VD
1273,VD
1274,VD
1275,VD
1276,VD
1277,VD
1278,VD
1279,VD
1281,GE
1283,GE
1284,GE
1285,GE
1286,GE
1287,GE
1288,GE
1291,VD
1292,GE
1293,GE
1294,GE
1295,VD
1296,VD
1297,VD
1298,GE
1299,VD
1302,VD
1303,VD
1304,VD
1305,VD
1306,VD
1307,VD
1308,VD
1312,VD
1313,VD
1315,VD
1316,VD
1317,VD
1318,VD
1321,VD
1322,VD
1323,VD
1324,VD
1325,VD
1326,VD
1329,VD
1337,VD
1338,VD
1341,VD
1342,VD
1343,VD
1344,VD
1345,VD
1346,VD
1347,VD
1348,VD
1350,VD
1352,VD
1353,VD
1354,VD
1355,VD
1356,VD
1357,VD
1358,VD
1372,VD
1373,VD
1374,VD
1375,VD
1376,VD
1377,VD
1400,VD
1404,VD
1405,VD
1406,VD
1407,VD
1408,VD
1409,VD
1412,VD
1413,VD
1415,VD
1416,VD
1417,VD
1418,VD
1420,VD
1421,VD
1422,VD
1423,VD
1424,VD
1425,VD
1426,VD
1427,VD
1428,VD
1429,VD
1430,VD
1431,VD
1432,VD
1433,VD
1434,VD
1435,VD
1436,VD
1437,VD
1438,VD
1439,VD
1441,VD
1442,VD
1443,VD
1445,VD
1446,VD
1450,VD
1452,VD
1453,VD
1454,VD
1462,VD
1463,VD
1464,VD
1468,FR
1470,FR
1473,FR
1474,FR
1475,FR
1482,FR
1483,FR
1484,FR
1485,FR
1486,FR
1489,FR
1509,VD
1510,VD
1512,VD
1513,VD
1514,VD
1515,VD
1521,VD
1522,VD
1523,VD
1524,VD
1525,VD
1526,VD
1527,FR
1528,FR
1529,FR
1530,VD
1532,FR
1533,FR
1535,VD
1536,VD
1537,VD
1538,VD
1541,FR
1542,FR
1543,VD
1544,FR
1545,VD
1551,VD
1552,VD
1553,FR
1554,VD
1555,VD
1562,VD
1563,FR
1564,FR
1566,FR
1567,FR
1568,FR
1580,VD
1583,FR
1584,VD
1585,VD
1586,VD
1587,VD
1588,VD
1589,VD
1607,VD
1609,FR
1610,VD
1611,FR
1612,VD
1613,VD
1614,FR
1615,FR
1616,FR
1617,FR
1618,FR
1619,FR
1623,FR
1624,FR
1625,FR
1626,FR
1627,FR
1628,FR
1630,FR
1632,FR
1633,FR
1634,FR
1635,FR
1636,FR
1637,FR
1638,FR
1642,FR
1643,FR
1644,FR
1645,FR
1646,FR
1647,FR
1648,FR
1649,FR
1651,FR
1652,FR
1653,FR
1654,FR
1656,FR
1657,BE
1658,VD
1659,VD
1660,VD
1661,FR
1663,FR
1665,FR
1666,FR
1667,FR
1669,FR
1670,FR
1673,FR
1674,FR
1675,FR
1676,FR
1677,FR
1678,FR
1679,FR
1680,FR
1681,FR
1682,VD
1683,VD
1684,FR
1685,FR
1686,FR
1687,FR
1688,FR
1689,FR
1690,FR
1691,FR
1692,FR
1694,FR
1695,FR
1696,FR
1697,FR
1699,FR
1700,FR
1712,FR
1713,FR
1714,FR
1715,FR
1716,FR
1717,FR
1718,FR
1719,FR
1720,FR
1721,FR
1722,FR
1723,FR
1724,FR
1725,FR
1726,FR
1727,FR
1728,FR
1730,FR
1731,FR
1732,FR
1733,FR
1734,FR
1735,FR
1736,FR
1737,FR
1740,FR
1741,FR
1742,FR
1744,FR
1745,FR
1746,FR
1747,FR
1748,FR
1749,FR
1752,FR
1753,FR
1754,FR
1756,FR
1757,FR
1762,FR
1763,FR
1772,FR
1773,FR
1774,FR
1775,FR
1776,FR
1782,FR
1783,FR
1784,FR
1785,FR
1786,FR
1788,FR
1789,FR
1791,FR
1792,FR
1793,FR
1794,FR
1795,FR
1796,FR
1797,BE
1800,VD
1801,VD
1802,VD
1803,VD
1804,VD
1805,VD
1806,VD
1807,VD
1808,VD
1809,VD
1814,VD
1815,VD
1816,VD
1817,VD
1820,VD
1822,VD
1823,VD
1824,VD
1832,VD
1833,VD
1844,VD
1845,VD
1846,VD
1847,VD
1852,VD
1853,VD
1854,VD
1856,VD
1860,VD
1862,VD
1863,VD
1864,VD
1865,VD
1866,VD
1867,VD
1868,VS
1869,VS
1870,VS
1871,VS
1872,VS
1873,VS
1874,VS
1875,VS
1880,VD
1882,VD
1884,VD
1885,VD
1890,VS
1891,VS
1892,VD
1893,VS
1895,VS
1896,VS
1897,VS
1898,VS
1899,VS
1902,VS
1903,VS
1904,VS
1905,VS
1906,VS
1907,VS
1908,VS
1911,VS
1912,VS
1913,VS
1914,VS
1918,VS
1920,VS
1921,VS
1922,VS
1923,VS
1925,VS
1926,VS
1927,VS
1928,VS
1929,VS
1932,VS
1933,VS
1934,VS
1936,VS
1937,VS
1938,VS
1941,VS
1942,VS
1943,VS
1944,VS
1945,VS
1946,VS
1947,VS
1948,VS
1950,VS
1955,VS
1957,VS
1958,VS
1961,VS
1962,VS
1963,VS
1964,VS
1965,VS
1966,VS
1967,VS
1968,VS
1969,VS
1971,VS
1972,VS
1973,VS
1974,VS
1975,VS
1976,VS
1977,VS
1978,VS
1981,VS
1982,VS
1983,VS
1984,VS
1985,VS
1986,VS
1987,VS
1988,VS
1991,VS
1992,VS
1993,VS
1994,VS
1996,VS
1997,VS
2000,NE
2012,NE
2013,NE
2014,NE
2015,NE
2016,NE
2017,NE
2019,NE
2022,NE
2023,NE
2024,NE
2025,NE
2027,NE
2028,NE
2034,NE
2035,NE
2036,NE
2037,NE
2042,NE
2043,NE
2046,NE
2052,NE
2053,NE
2054,NE
2056,NE
2057,NE
2058,NE
2063,NE
2065,NE
2067,NE
2068,NE
2072,NE
2073,NE
2074,NE
2075,NE
2087,NE
2088,NE
2103,NE
2105,NE
2108,NE
2112,NE
2113,NE
2114,NE
2115,NE
2116,NE
2117,NE
2123,NE
2124,NE
2126,NE
2127,NE
2149,NE
2206,NE
2207,NE
2208,NE
2300,NE
2314,NE
2316,NE
2318,NE
2322,NE
2325,NE
2333,BE
2336,JU
2338,JU
2340,JU
2350,JU
2353,JU
2354,JU
2360,JU
2362,JU
2363,JU
2364,JU
2400,NE
2405,NE
2406,NE
2414,NE
2416,NE
2502,BE
2503,BE
2504,BE
2505,BE
2512,BE
2513,BE
2514,BE
2515,BE
2516,BE
2517,BE
2518,BE
2520,BE
2523,NE
2525,NE
2532,BE
2533,BE
2534,BE
2535,BE
2536,BE
2537,BE
2538,BE
2540,SO
2542,BE
2543,BE
2544,SO
2545,SO
2552,BE
2553,BE
2554,BE
2555,BE
2556,BE
2557,BE
2558,BE
2560,BE
2562,BE
2563,BE
2564,BE
2565,BE
2572,BE
2575,BE
2576,BE
2577,BE
2603,BE
2604,BE
2605,BE
2606,BE
2607,BE
2608,BE
2610,BE
2612,BE
2613,BE
2615,BE
2616,BE
2710,BE
2712,BE
2713,BE
2714,JU
2715,BE
2716,BE
2717,BE
2718,JU
2720,BE
2722,BE
2723,BE
2732,BE
2733,BE
2735,BE
2736,BE
2738,BE
2740,JU
2742,BE
2743,BE
2744,BE
2745,BE
2746,BE
2747,BE
2762,BE
2800,JU
2802,JU
2803,JU
2805,JU
2806,JU
2807,JU
2812,JU
2813,JU
2814,BL
2822,JU
2823,JU
2824,JU
2825,JU
2826,JU
2828,JU
2829,JU
2830,JU
2832,JU
2842,JU
2843,JU
2852,JU
2853,JU
2854,JU
2855,JU
2856,JU
2857,JU
2863,JU
2864,JU
2873,JU
2882,JU
2883,JU
2884,JU
2885,JU
2886,JU
2887,JU
2888,JU
2889,JU
2900,JU
2902,JU
2903,JU
2904,JU
2905,JU
2906,JU
2907,JU
2908,JU
2912,JU
2914,JU
2915,JU
2916,JU
2922,JU
2923,JU
2924,JU
2925,JU
2926,JU
2932,JU
2933,JU
2935,JU
2942,JU
2943,JU
2944,JU
2946,JU
2947,JU
2950,JU
2952,JU
2953,JU
2954,JU
3004,BE
3005,BE
3006,BE
3007,BE
3008,BE
3010,BE
3011,BE
3012,BE
3013,BE
3014,BE
3015,BE
3018,BE
3019,BE
3020,BE
3027,BE
3032,BE
3033,BE
3034,BE
3035,BE
3036,BE
3037,BE
3038,BE
3042,BE
3043,BE
3044,BE
3045,BE
3046,BE
3047,BE
3048,BE
3049,BE
3052,BE
3053,BE
3054,BE
3063,BE
3065,BE
3066,BE
3067,BE
3068,BE
3072,BE
3073,BE
3074,BE
3075,BE
3076,BE
3077,BE
3078,BE
3082,BE
3083,BE
3084,BE
3086,BE
3087,BE
3088,BE
3089,BE
3095,BE
3096,BE
3097,BE
3098,BE
3099,BE
3110,BE
3111,BE
3112,BE
3113,BE
3114,BE
3115,BE
3116,BE
3122,BE
3123,BE
3124,BE
3125,BE
3126,BE
3127,BE
3128,BE
3132,BE
3144,BE
3145,BE
3147,BE
3148,BE
3150,BE
3152,BE
3153,BE
3154,BE
3155,BE
3156,BE
3157,BE
3158,BE
3159,BE
3172,BE
3173,BE
3174,BE
3175,FR
3176,BE
3177,BE
3178,FR
3179,BE
3182,FR
3183,BE
3184,FR
3185,FR
3186,FR
3202,BE
3203,BE
3204,BE
3205,BE
3207,BE
3208,BE
3210,FR
3212,FR
3213,FR
3214,FR
3215,FR
3216,FR
3225,BE
3226,BE
3232,BE
3233,BE
3234,BE
3235,BE
3236,BE
3237,BE
3238,BE
3250,BE
3251,BE
3252,BE
3253,SO
3254,SO
3255,BE
3256,BE
3257,BE
3262,BE
3263,BE
3264,BE
3266,BE
3267,BE
3268,BE
3270,BE
3271,BE
3272,BE
3273,BE
3274,BE
3280,FR
3282,BE
3283,BE
3284,FR
3285,FR
3286,FR
3292,BE
3293,BE
3294,BE
3295,BE
3296,BE
3297,BE
3298,BE
3302,BE
3303,BE
3305,BE
3306,BE
3307,SO
3308,BE
3309,BE
3312,BE
3313,BE
3314,BE
3315,BE
3317,BE
3322,BE
3323,BE
3324,BE
3325,BE
3326,BE
3360,BE
3362,BE
3363,BE
3365,BE
3366,BE
3367,BE
3368,BE
3372,BE
3373,BE
3374,BE
3375,BE
3376,BE
3377,BE
3380,BE
3400,BE
3412,BE
3413,BE
3414,BE
3415,BE
3416,BE
3417,BE
3418,BE
3419,BE
3421,BE
3422,BE
3423,BE
3424,BE
3425,BE
3426,BE
3427,BE
3428,BE
3429,BE
3432,BE
3433,BE
3434,BE
3435,BE
3436,BE
3437,BE
3438,BE
3439,BE
3452,BE
3453,BE
3454,BE
3455,BE
3456,BE
3457,BE
3462,BE
3463,BE
3464,BE
3465,BE
3472,BE
3473,BE
3474,BE
3475,BE
3476,BE
3503,BE
3504,BE
3506,BE
3507,BE
3508,BE
3510,BE
3512,BE
3513,BE
3531,BE
3532,BE
3533,BE
3534,BE
3535,BE
3536,BE
3537,BE
3538,BE
3543,BE
3550,BE
3551,BE
3552,BE
3553,BE
3555,BE
3556,BE
3557,BE
3600,BE
3603,BE
3604,BE
3608,BE
3612,BE
3613,BE
3614,BE
3615,BE
3616,BE
3617,BE
3618,BE
3619,BE
3622,BE
3623,BE
3624,BE
3625,BE
3626,BE
3627,BE
3628,BE
3629,BE
3631,BE
3632,BE
3633,BE
3634,BE
3635,BE
3636,BE
3638,BE
3645,BE
3646,BE
3647,BE
3652,BE
3653,BE
3654,BE
3655,BE
3656,BE
3657,BE
3658,BE
3661,BE
3662,BE
3663,BE
3664,BE
3665,BE
3671,BE
3672,BE
3673,BE
3674,BE
3700,BE
3702,BE
3703,BE
3704,BE
3705,BE
3706,BE
3707,BE
3711,BE
3713,BE
3714,BE
3715,BE
3716,BE
3717,BE
3718,BE
3722,BE
3723,BE
3724,BE
3725,BE
3752,BE
3753,BE
3754,BE
3755,BE
3756,BE
3757,BE
3758,BE
3762,BE
3763,BE
3764,BE
3765,BE
3766,BE
3770,BE
3771,BE
3772,BE
3773,BE
3775,BE
3776,BE
3777,BE
3778,BE
3780,BE
3781,BE
3782,BE
3783,BE
3784,BE
3785,BE
3792,BE
3800,BE
3803,BE
3804,BE
3805,BE
3806,BE
3807,BE
3812,BE
3813,BE
3814,BE
3815,BE
3816,BE
3818,BE
3822,BE
3823,BE
3824,BE
3825,BE
3826,BE
3852,BE
3853,BE
3854,BE
3855,BE
3856,BE
3857,BE
3858,BE
3860,BE
3862,BE
3863,BE
3864,BE
3900,VS
3901,VS
3902,VS
3903,VS
3904,VS
3905,VS
3906,VS
3907,VS
3908,VS
3910,VS
3911,VS
3912,VS
3913,VS
3914,VS
3916,VS
3917,VS
3918,VS
3919,VS
3920,VS
3922,VS
3923,VS
3924,VS
3925,VS
3926,VS
3927,VS
3928,VS
3929,VS
3930,VS
3931,VS
3932,VS
3933,VS
3934,VS
3935,VS
3937,VS
3938,VS
3939,VS
3940,VS
3942,VS
3943,VS
3944,VS
3945,VS
3946,VS
3947,VS
3948,VS
3949,VS
3951,VS
3952,VS
3953,VS
3954,VS
3955,VS
3956,VS
3957,VS
3960,VS
3961,VS
3963,VS
3965,VS
3966,VS
3967,VS
3968,VS
3970,VS
3971,VS
3972,VS
3973,VS
3974,VS
3975,VS
3976,VS
3977,VS
3978,VS
3979,VS
3982,VS
3983,VS
3984,VS
3985,VS
3986,VS
3987,VS
3988,VS
3989,VS
3991,VS
3992,VS
3993,VS
3994,VS
3995,VS
3996,VS
3997,VS
3998,VS
3999,VS
4001,BS
4031,BS
4051,BS
4052,BS
4053,BS
4054,BS
4055,BS
4056,BS
4057,BS
4058,BS
4059,BS
4101,BL
4102,BL
4103,BL
4104,BL
4105,BL
4106,BL
4107,BL
4108,SO
4112,SO
4114,SO
4115,SO
4116,SO
4117,BL
4118,SO
4123,BL
4124,BL
4125,BS
4126,BS
4127,BL
4132,BL
4133,BL
4142,BL
4143,SO
4144,BL
4145,SO
4146,SO
4147,BL
4148,BL
4153,BL
4202,BL
4203,BL
4204,SO
4206,SO
4207,BL
4208,SO
4222,BL
4223,BL
4224,BL
4225,BL
4226,SO
4227,SO
4228,SO
4229,SO
4232,SO
4233,SO
4234,SO
4242,BL
4243,BL
4244,BL
4245,SO
4246,BL
4247,SO
4252,SO
4253,BL
4254,BL
4302,BL
4303,AG
4304,BL
4305,AG
4310,AG
4312,AG
4313,AG
4314,AG
4315,AG
4316,AG
4317,AG
4322,AG
4323,AG
4324,AG
4325,AG
4332,AG
4333,AG
4334,AG
4402,BL
4410,BL
4411,BL
4412,SO
4413,SO
4414,BL
4415,BL
4416,BL
4417,BL
4418,BL
4419,BL
4421,SO
4422,BL
4423,BL
4424,BL
4425,BL
4426,BL
4431,BL
4432,BL
4433,BL
4434,BL
4435,BL
4436,BL
4437,BL
4438,BL
4441,BL
4442,BL
4443,BL
4444,BL
4445,BL
4446,BL
4447,BL
4448,BL
4450,BL
4451,BL
4452,BL
4453,BL
4455,BL
4456,BL
4457,BL
4458,BL
4460,BL
4461,BL
4462,BL
4463,BL
4464,BL
4465,BL
4466,BL
4467,BL
4468,SO
4469,BL
4492,BL
4493,BL
4494,BL
4495,BL
4496,BL
4497,BL
4500,SO
4512,SO
4513,SO
4514,SO
4515,SO
4522,SO
4523,SO
4524,SO
4525,SO
4528,SO
4532,SO
4533,SO
4534,SO
4535,SO
4536,BE
4537,BE
4538,BE
4539,BE
4542,SO
4543,SO
4552,SO
4553,SO
4554,SO
4556,SO
4557,SO
4558,SO
4562,SO
4563,SO
4565,SO
4566,SO
4571,SO
4573,SO
4574,SO
4576,SO
4577,SO
4578,SO
4579,SO
4581,SO
4582,SO
4583,SO
4584,SO
4585,SO
4586,SO
4587,SO
4588,SO
4600,SO
4612,SO
4613,SO
4614,SO
4615,SO
4616,SO
4617,SO
4618,SO
4622,SO
4623,SO
4624,SO
4625,SO
4626,SO
4628,SO
4629,SO
4632,SO
4633,SO
4634,SO
4652,SO
4653,SO
4654,SO
4655,SO
4656,SO
4657,SO
4658,SO
4663,AG
4665,AG
4702,SO
4703,SO
4704,BE
4710,SO
4712,SO
4713,SO
4714,SO
4715,SO
4716,SO
4717,SO
4718,SO
4719,SO
4800,AG
4802,AG
4803,AG
4805,AG
4806,LU
4812,AG
4813,AG
4814,AG
4852,AG
4853,AG
4856,AG
4900,BE
4911,BE
4912,BE
4913,BE
4914,BE
4915,LU
4916,BE
4917,BE
4919,BE
4922,BE
4923,BE
4924,BE
4932,BE
4933,BE
4934,BE
4935,BE
4936,BE
4937,BE
4938,BE
4942,BE
4943,BE
4944,BE
4950,BE
4952,BE
4953,BE
4954,BE
4955,BE
5000,AG
5004,AG
5012,SO
5013,SO
5014,SO
5015,SO
5018,AG
5022,AG
5023,AG
5024,AG
5025,AG
5026,AG
5027,AG
5028,AG
5032,AG
5033,AG
5034,AG
5035,AG
5036,AG
5037,AG
5040,AG
5042,AG
5043,AG
5044,AG
5046,AG
5053,AG
5054,AG
5056,AG
5057,AG
5058,AG
5062,AG
5063,AG
5064,AG
5070,AG
5072,AG
5073,AG
5074,AG
5075,AG
5076,AG
5077,AG
5078,AG
5079,AG
5080,AG
5082,AG
5083,AG
5084,AG
5085,AG
5102,AG
5103,AG
5105,AG
5106,AG
5107,AG
5108,AG
5112,AG
5113,AG
5116,AG
5200,AG
5210,AG
5212,AG
5213,AG
5222,AG
5223,AG
5225,AG
5233,AG
5234,AG
5235,AG
5236,AG
5237,AG
5242,AG
5243,AG
5244,AG
5245,AG
5246,AG
5272,AG
5273,AG
5274,AG
5275,AG
5276,AG
5277,AG
5300,AG
5301,AG
5303,AG
5304,AG
5305,AG
5306,AG
5312,AG
5313,AG
5314,AG
5315,AG
5316,AG
5317,AG
5318,AG
5322,AG
5323,AG
5324,AG
5325,AG
5326,AG
5330,AG
5332,AG
5333,AG
5334,AG
5400,AG
5404,AG
5405,AG
5406,AG
5408,AG
5412,AG
5413,AG
5415,AG
5416,AG
5417,AG
5420,AG
5423,AG
5425,AG
5426,AG
5430,AG
5432,AG
5436,AG
5442,AG
5443,AG
5444,AG
5445,AG
5452,AG
5453,AG
5454,AG
5462,AG
5463,AG
5464,AG
5465,AG
5466,AG
5467,AG
5502,AG
5503,AG
5504,AG
5505,AG
5506,AG
5507,AG
5512,AG
5522,AG
5524,AG
5525,AG
5600,AG
5603,AG
5604,AG
5605,AG
5606,AG
5607,AG
5608,AG
5610,AG
5611,AG
5612,AG
5613,AG
5614,AG
5615,AG
5616,AG
5617,AG
5618,AG
5619,AG
5620,AG
5621,AG
5622,AG
5623,AG
5624,AG
5625,AG
5626,AG
5627,AG
5628,AG
5630,AG
5632,AG
5634,AG
5636,AG
5637,AG
5642,AG
5643,AG
5644,AG
5645,AG
5646,AG
5647,AG
5702,AG
5703,AG
5704,AG
5705,AG
5706,AG
5707,AG
5708,AG
5712,AG
5722,AG
5723,AG
5724,AG
5725,AG
5726,AG
5727,AG
5728,AG
5732,AG
5733,AG
5734,AG
5735,LU
5736,AG
5737,AG
5742,AG
5745,AG
5746,SO
6003,LU
6004,LU
6005,LU
6006,LU
6012,LU
6013,LU
6014,LU
6015,LU
6016,LU
6017,LU
6018,LU
6019,LU
6020,LU
6022,LU
6023,LU
6024,LU
6025,LU
6026,LU
6027,LU
6028,LU
6030,LU
6032,LU
6033,LU
6034,LU
6035,LU
6036,LU
6037,LU
6038,LU
6039,LU
6042,AG
6043,LU
6044,LU
6045,LU
6047,LU
6048,LU
6052,NW
6053,OW
6055,OW
6056,OW
6060,OW
6062,OW
6063,OW
6064,OW
6066,OW
6067,OW
6068,OW
6072,OW
6073,OW
6074,OW
6078,OW
6083,BE
6084,BE
6085,BE
6086,BE
6102,LU
6103,LU
6105,LU
6106,LU
6110,LU
6112,LU
6113,LU
6114,LU
6122,LU
6123,LU
6125,LU
6126,LU
6130,LU
6132,LU
6133,LU
6142,LU
6143,LU
6144,LU
6145,LU
6146,LU
6147,LU
6152,LU
6153,LU
6154,LU
6156,LU
6162,LU
6163,LU
6166,LU
6167,LU
6170,LU
6173,LU
6174,LU
6182,LU
6192,LU
6196,LU
6197,BE
6203,LU
6204,LU
6205,LU
6206,LU
6207,LU
6208,LU
6210,LU
6211,LU
6212,LU
6213,LU
6214,LU
6215,LU
6216,LU
6217,LU
6218,LU
6221,LU
6222,LU
6231,LU
6232,LU
6233,LU
6234,LU
6235,LU
6236,LU
6242,LU
6243,LU
6244,LU
6245,LU
6246,LU
6247,LU
6248,LU
6252,LU
6253,LU
6260,LU
6262,LU
6263,LU
6264,LU
6265,LU
6274,LU
6275,LU
6276,LU
6277,LU
6280,LU
6283,LU
6284,LU
6285,LU
6286,LU
6287,LU
6288,LU
6289,LU
6294,LU
6295,LU
6300,ZG
6312,ZG
6313,ZG
6314,ZG
6315,ZG
6317,ZG
6318,ZG
6319,ZG
6330,ZG
6331,ZG
6332,ZG
6333,ZG
6343,ZG
6344,LU
6345,ZG
6353,LU
6354,LU
6362,NW
6363,NW
6365,NW
6370,NW
6372,NW
6373,NW
6374,NW
6375,NW
6376,NW
6377,UR
6382,NW
6383,NW
6386,NW
6387,NW
6390,OW
6402,SZ
6403,SZ
6404,LU
6405,SZ
6410,SZ
6414,SZ
6415,SZ
6416,SZ
6417,SZ
6418,SZ
6422,SZ
6423,SZ
6424,SZ
6430,SZ
6432,SZ
6433,SZ
6434,SZ
6436,SZ
6438,SZ
6440,SZ
6441,UR
6442,SZ
6443,SZ
6454,UR
6460,UR
6461,UR
6462,UR
6463,UR
6464,UR
6465,UR
6466,UR
6467,UR
6468,UR
6469,UR
6472,UR
6473,UR
6474,UR
6475,UR
6476,UR
6482,UR
6484,UR
6485,UR
6487,UR
6490,UR
6491,UR
6493,UR
6500,TI
6503,TI
6512,TI
6513,TI
6514,TI
6515,TI
6516,TI
6517,TI
6518,TI
6523,TI
6524,TI
6525,TI
6526,TI
6527,TI
6528,TI
6532,TI
6533,TI
6534,GR
6535,GR
6537,GR
6538,GR
6540,GR
6541,GR
6542,GR
6543,GR
6544,GR
6545,GR
6546,GR
6548,GR
6549,GR
6556,GR
6557,GR
6558,GR
6562,GR
6563,GR
6565,GR
6571,TI
6572,TI
6573,TI
6574,TI
6575,TI
6576,TI
6577,TI
6578,TI
6579,TI
6582,TI
6583,TI
6584,TI
6592,TI
6593,TI
6594,TI
6595,TI
6596,TI
6597,TI
6598,TI
6599,TI
6600,TI
6605,TI
6612,TI
6613,TI
6614,TI
6616,TI
6618,TI
6622,TI
6631,TI
6632,TI
6633,TI
6634,TI
6635,TI
6636,TI
6637,TI
6644,TI
6645,TI
6646,TI
6647,TI
6648,TI
6652,TI
6653,TI
6654,TI
6655,TI
6656,TI
6657,TI
6658,TI
6659,TI
6661,TI
6670,TI
6672,TI
6673,TI
6674,TI
6675,TI
6676,TI
6677,TI
6678,TI
6682,TI
6683,TI
6684,TI
6685,TI
6690,TI
6692,TI
6693,TI
6694,TI
6695,TI
6696,TI
6702,TI
6703,TI
6705,TI
6707,TI
6710,TI
6713,TI
6714,TI
6715,TI
6716,TI
6717,TI
6718,TI
6719,TI
6720,TI
6721,TI
6722,TI
6723,TI
6724,TI
6742,TI
6743,TI
6744,TI
6745,TI
6746,TI
6747,TI
6748,TI
6749,TI
6760,TI
6763,TI
6764,TI
6772,TI
6773,TI
6774,TI
6775,TI
6776,TI
6777,TI
6780,TI
6781,TI
6802,TI
6803,TI
6804,TI
6805,TI
6806,TI
6807,TI
6808,TI
6809,TI
6810,TI
6814,TI
6815,TI
6816,TI
6817,TI
6818,TI
6821,TI
6822,TI
6823,TI
6825,TI
6826,TI
6827,TI
6828,TI
6830,TI
6832,TI
6833,TI
6834,TI
6835,TI
6837,TI
6838,TI
6839,TI
6850,TI
6852,TI
6853,TI
6854,TI
6855,TI
6862,TI
6863,TI
6864,TI
6865,TI
6866,TI
6867,TI
6872,TI
6873,TI
6874,TI
6875,TI
6877,TI
6883,TI
6900,TI
6912,TI
6913,TI
6914,TI
6915,TI
6916,TI
6917,TI
6918,TI
6919,TI
6921,TI
6922,TI
6924,TI
6925,TI
6926,TI
6927,TI
6928,TI
6929,TI
6930,TI
6932,TI
6933,TI
6934,TI
6935,TI
6936,TI
6937,TI
6938,TI
6939,TI
6942,TI
6943,TI
6944,TI
6945,TI
6946,TI
6947,TI
6948,TI
6949,TI
6950,TI
6951,TI
6952,TI
6953,TI
6954,TI
6955,TI
6956,TI
6957,TI
6958,TI
6959,TI
6960,TI
6962,TI
6963,TI
6964,TI
6965,TI
6966,TI
6967,TI
6968,TI
6974,TI
6976,TI
6977,TI
6978,TI
6979,TI
6980,TI
6981,TI
6982,TI
6983,TI
6984,TI
6986,TI
6987,TI
6988,TI
6989,TI
6990,TI
6991,TI
6992,TI
6993,TI
6994,TI
6995,TI
6997,TI
6998,TI
6999,TI
7000,GR
7012,GR
7013,GR
7014,GR
7015,GR
7016,GR
7017,GR
7018,GR
7019,GR
7023,GR
7026,GR
7027,GR
7028,GR
7029,GR
7031,GR
7032,GR
7050,GR
7056,GR
7057,GR
7058,GR
7062,GR
7063,GR
7064,GR
7074,GR
7075,GR
7076,GR
7077,GR
7078,GR
7082,GR
7083,GR
7084,GR
7104,GR
7106,GR
7107,GR
7109,GR
7110,GR
7111,GR
7112,GR
7113,GR
7114,GR
7115,GR
7116,GR
7122,GR
7126,GR
7127,GR
7128,GR
7130,GR
7132,GR
7134,GR
7137,GR
7138,GR
7141,GR
7142,GR
7143,GR
7144,GR
7145,GR
7146,GR
7147,GR
7148,GR
7149,GR
7151,GR
7152,GR
7153,GR
7154,GR
7155,GR
7156,GR
7157,GR
7158,GR
7159,GR
7162,GR
7163,GR
7164,GR
7165,GR
7166,GR
7167,GR
7168,GR
7172,GR
7173,GR
7174,GR
7175,GR
7176,GR
7180,GR
7182,GR
7183,GR
7184,GR
7185,GR
7186,GR
7187,GR
7188,GR
7189,GR
7202,GR
7203,GR
7204,GR
7205,GR
7206,GR
7208,GR
7212,GR
7213,GR
7214,GR
7215,GR
7220,GR
7222,GR
7223,GR
7224,GR
7226,GR
7228,GR
7231,GR
7232,GR
7233,GR
7235,GR
7240,GR
7241,GR
7242,GR
7243,GR
7244,GR
7245,GR
7246,GR
7247,GR
7249,GR
7250,GR
7252,GR
7260,GR
7265,GR
7270,GR
7272,GR
7276,GR
7277,GR
7278,GR
7302,GR
7303,GR
7304,GR
7306,GR
7307,GR
7310,SG
7312,SG
7313,SG
7314,SG
7317,SG
7320,SG
7323,SG
7324,SG
7325,SG
7326,SG
7402,GR
7403,GR
7404,GR
7405,GR
7407,GR
7408,GR
7411,GR
7412,GR
7413,GR
7414,GR
7415,GR
7416,GR
7417,GR
7418,GR
7419,GR
7421,GR
7422,GR
7423,GR
7424,GR
7425,GR
7426,GR
7427,GR
7428,GR
7430,GR
7431,GR
7432,GR
7433,GR
7434,GR
7435,GR
7436,GR
7437,GR
7438,GR
7440,GR
7442,GR
7443,GR
7444,GR
7445,GR
7447,GR
7448,GR
7450,GR
7451,GR
7452,GR
7453,GR
7454,GR
7455,GR
7456,GR
7457,GR
7458,GR
7459,GR
7460,GR
7462,GR
7463,GR
7464,GR
7472,GR
7473,GR
7477,GR
7482,GR
7484,GR
7492,GR
7493,GR
7494,GR
7500,GR
7502,GR
7503,GR
7504,GR
7505,GR
7512,GR
7513,GR
7514,GR
7515,GR
7516,GR
7517,GR
7522,GR
7523,GR
7524,GR
7525,GR
7526,GR
7527,GR
7530,GR
7532,GR
7533,GR
7534,GR
7535,GR
7536,GR
7537,GR
7542,GR
7543,GR
7545,GR
7546,GR
7550,GR
7551,GR
7552,GR
7553,GR
7554,GR
7556,GR
7557,GR
7558,GR
7559,GR
7560,GR
7562,GR
7563,GR
7602,GR
7603,GR
7604,GR
7605,GR
7606,GR
7608,GR
7610,GR
7710,GR
7741,GR
7742,GR
7743,GR
7744,GR
7745,GR
7746,GR
7747,GR
7748,GR
8001,ZH
8002,ZH
8003,ZH
8004,ZH
8005,ZH
8006,ZH
8008,ZH
8032,ZH
8037,ZH
8038,ZH
8041,ZH
8044,ZH
8045,ZH
8046,ZH
8047,ZH
8048,ZH
8049,ZH
8050,ZH
8051,ZH
8052,ZH
8053,ZH
8055,ZH
8057,ZH
8064,ZH
8102,ZH
8103,ZH
8104,ZH
8105,ZH
8106,ZH
8107,ZH
8108,ZH
8109,AG
8112,ZH
8113,ZH
8114,ZH
8115,ZH
8117,ZH
8118,ZH
8121,ZH
8122,ZH
8123,ZH
8124,ZH
8125,ZH
8126,ZH
8127,ZH
8132,ZH
8133,ZH
8134,ZH
8135,ZH
8136,ZH
8142,ZH
8143,ZH
8152,ZH
8153,ZH
8154,ZH
8155,ZH
8156,ZH
8157,ZH
8158,ZH
8162,ZH
8164,ZH
8165,ZH
8166,ZH
8172,ZH
8173,ZH
8174,ZH
8175,ZH
8180,ZH
8181,ZH
8182,ZH
8184,ZH
8185,ZH
8187,ZH
8192,ZH
8193,ZH
8194,ZH
8195,ZH
8196,ZH
8197,ZH
8200,SH
8203,SH
8207,SH
8208,SH
8213,SH
8214,SH
8215,SH
8216,SH
8217,SH
8218,SH
8219,SH
8222,SH
8223,SH
8224,SH
8225,SH
8226,SH
8228,SH
8231,SH
8232,SH
8233,SH
8234,SH
8235,SH
8236,SH
8239,SH
8240,SH
8241,SH
8242,SH
8243,SH
8245,ZH
8246,ZH
8247,ZH
8248,ZH
8252,TG
8253,TG
8254,TG
8255,TG
8259,TG
8260,SH
8261,SH
8262,SH
8263,SH
8264,TG
8265,TG
8266,TG
8267,TG
8268,TG
8269,TG
8272,TG
8273,TG
8274,TG
8280,TG
8302,ZH
8303,ZH
8304,ZH
8305,ZH
8306,ZH
8307,ZH
8308,ZH
8309,ZH
8310,ZH
8311,ZH
8312,ZH
8314,ZH
8315,ZH
8317,ZH
8320,ZH
8322,ZH
8330,ZH
8331,ZH
8332,ZH
8335,ZH
8340,ZH
8342,ZH
8344,ZH
8345,ZH
8352,ZH
8353,ZH
8354,ZH
8355,TG
8356,TG
8357,TG
8360,TG
8362,TG
8363,TG
8370,TG
8371,TG
8372,TG
8374,TG
8376,TG
8400,ZH
8404,ZH
8405,ZH
8406,ZH
8408,ZH
8409,ZH
8412,ZH
8413,ZH
8414,ZH
8415,ZH
8416,ZH
8418,ZH
8421,ZH
8422,ZH
8424,ZH
8425,ZH
8426,ZH
8427,ZH
8428,ZH
8442,ZH
8444,ZH
8447,ZH
8450,ZH
8451,ZH
8452,ZH
8453,ZH
8454,SH
8455,SH
8457,ZH
8458,ZH
8459,ZH
8460,ZH
8461,ZH
8462,ZH
8463,ZH
8464,ZH
8465,ZH
8466,ZH
8467,ZH
8468,ZH
8471,ZH
8472,ZH
8474,ZH
8475,ZH
8476,ZH
8477,ZH
8478,ZH
8479,ZH
8482,ZH
8483,ZH
8484,ZH
8486,ZH
8487,ZH
8488,ZH
8489,ZH
8492,ZH
8493,ZH
8494,ZH
8496,ZH
8497,ZH
8498,ZH
8499,ZH
8500,TG
8505,TG
8506,TG
8507,TG
8508,TG
8512,TG
8514,TG
8522,TG
8523,ZH
8524,TG
8526,TG
8532,TG
8535,TG
8536,TG
8537,TG
8542,ZH
8543,ZH
8544,ZH
8545,ZH
8547,TG
8548,ZH
8552,TG
8553,TG
8554,TG
8555,TG
8556,TG
8558,TG
8560,TG
8561,TG
8564,TG
8565,TG
8566,TG
8570,TG
8572,TG
8573,TG
8574,TG
8575,TG
8576,TG
8577,TG
8580,TG
8581,TG
8582,TG
8583,TG
8584,TG
8585,TG
8586,TG
8587,TG
8588,TG
8589,TG
8590,TG
8592,TG
8593,TG
8594,TG
8595,TG
8596,TG
8597,TG
8598,TG
8599,TG
8600,ZH
8602,ZH
8603,ZH
8604,ZH
8605,ZH
8606,ZH
8607,ZH
8608,ZH
8610,ZH
8614,ZH
8615,ZH
8616,ZH
8617,ZH
8618,ZH
8620,ZH
8623,ZH
8624,ZH
8625,ZH
8626,ZH
8627,ZH
8630,ZH
8632,ZH
8633,ZH
8634,ZH
8635,ZH
8636,ZH
8637,ZH
8638,SG
8645,SG
8646,SG
8700,ZH
8702,ZH
8703,ZH
8704,ZH
8706,ZH
8707,ZH
8708,ZH
8712,ZH
8713,ZH
8714,ZH
8715,SG
8716,SG
8717,SG
8718,SG
8722,SG
8723,SG
8725,SG
8726,SG
8727,SG
8730,SG
8732,SG
8733,SG
8734,SG
8735,SG
8737,SG
8738,SG
8739,SG
8750,GL
8751,UR
8752,GL
8753,GL
8754,GL
8755,GL
8756,GL
8757,GL
8758,GL
8762,GL
8765,GL
8766,GL
8767,GL
8772,GL
8773,GL
8774,GL
8775,GL
8777,GL
8782,GL
8783,GL
8784,GL
8800,ZH
8802,ZH
8803,ZH
8804,ZH
8805,ZH
8806,SZ
8807,SZ
8808,SZ
8810,ZH
8815,ZH
8816,ZH
8820,ZH
8824,ZH
8825,ZH
8832,SZ
8833,ZH
8834,SZ
8835,SZ
8836,SZ
8840,SZ
8841,SZ
8842,SZ
8843,SZ
8844,SZ
8845,SZ
8846,SZ
8847,SZ
8849,SZ
8852,SZ
8853,SZ
8854,SZ
8855,SZ
8856,SZ
8857,SZ
8858,SZ
8862,SZ
8863,SZ
8864,SZ
8865,GL
8867,GL
8868,GL
8873,SG
8874,GL
8877,SG
8878,SG
8880,SG
8881,SG
8882,SG
8883,SG
8884,SG
8885,SG
8886,SG
8887,SG
8888,SG
8889,SG
8890,SG
8892,SG
8893,SG
8894,SG
8895,SG
8896,SG
8897,SG
8898,SG
8902,ZH
8903,ZH
8904,ZH
8905,AG
8906,ZH
8907,ZH
8908,ZH
8909,ZH
8910,ZH
8911,ZH
8912,ZH
8913,ZH
8914,ZH
8915,ZH
8916,AG
8917,AG
8918,AG
8919,AG
8925,ZH
8926,ZH
8932,ZH
8933,ZH
8934,ZH
8942,ZH
8951,ZH
8952,ZH
8953,ZH
8954,ZH
8955,ZH
8956,AG
8957,AG
8962,AG
8964,AG
8965,AG
8966,AG
8967,AG
9000,SG
9008,SG
9010,SG
9011,SG
9012,SG
9014,SG
9015,SG
9016,SG
9030,SG
9032,SG
9033,SG
9034,SG
9035,AR
9036,SG
9037,AR
9038,AR
9042,AR
9043,AR
9044,AR
9050,AI
9052,AR
9053,AR
9054,AI
9055,AR
9056,AR
9057,AI
9058,AI
9062,AR
9063,AR
9064,AR
9100,AR
9103,AR
9104,AR
9107,AR
9108,AI
9112,AR
9113,SG
9114,SG
9115,SG
9116,SG
9122,SG
9123,SG
9125,SG
9126,SG
9127,SG
9200,SG
9203,SG
9204,SG
9205,SG
9212,SG
9213,TG
9214,TG
9215,TG
9216,TG
9217,TG
9220,TG
9223,TG
9225,TG
9230,SG
9231,SG
9240,SG
9242,SG
9243,SG
9244,SG
9245,SG
9246,SG
9247,SG
9248,SG
9249,SG
9300,SG
9304,SG
9305,SG
9306,TG
9308,SG
9312,SG
9313,SG
9314,TG
9315,TG
9320,TG
9322,TG
9323,SG
9325,TG
9326,TG
9327,SG
9400,SG
9402,SG
9403,SG
9404,SG
9405,AR
9410,AR
9411,AR
9413,AI
9422,SG
9423,SG
9424,SG
9425,SG
9426,AR
9427,AR
9428,AR
9430,SG
9434,SG
9435,SG
9436,SG
9437,SG
9443,SG
9444,SG
9445,SG
9450,SG
9451,SG
9452,SG
9453,SG
9462,SG
9463,SG
9464,SG
9465,SG
9466,SG
9467,SG
9468,SG
9469,SG
9470,SG
9472,SG
9473,SG
9475,SG
9476,SG
9477,SG
9478,SG
9479,SG
9500,SG
9502,TG
9503,TG
9504,TG
9506,TG
9507,TG
9508,TG
9512,SG
9514,TG
9515,TG
9517,TG
9523,SG
9524,SG
9525,SG
9526,SG
9527,SG
9532,TG
9533,SG
9534,SG
9535,TG
9536,SG
9542,TG
9543,TG
9545,TG
9546,TG
9547,TG
9548,TG
9552,SG
9553,TG
9554,TG
9555,TG
9556,TG
9562,TG
9565,TG
9573,TG
9601,SG
9602,SG
9604,SG
9606,SG
9607,SG
9608,SG
9612,SG
9613,SG
9614,SG
9615,SG
9620,SG
9621,SG
9622,SG
9630,SG
9631,SG
9633,SG
9642,SG
9643,SG
9650,SG
9651,SG
9652,SG
9655,SG
9656,SG
9657,SG
9658,SG
aadorf,TG
aarau,AG
aarau rohr,AG
aarberg,BE
aarburg,AG
aarwangen,BE
aathal seegraben,ZH
aawangen,TG
ablandschen,BE
abtwil ag,AG
abtwil sg,SG
achseten,BE
aclens,VD
acquarossa,TI
adelboden,BE
adetswil,ZH
adligenswil,LU
adlikon b andelfingen,ZH
adlikon b regensdorf,ZH
adliswil,ZH
aedermannsdorf,SO
aefligen,BE
aegerten,BE
aesch bl,BL
aesch lu,LU
aesch neftenbach,ZH
aesch zh,ZH
aeschau,BE
aeschi b spiez,BE
aeschi so,SO
aeschiried,BE
aeschlen b oberdiessbach,BE
aeschlen ob gunten,BE
aetigkofen,SO
aetingen,SO
aettenschwil,AG
aeugst am albis,ZH
aeugstertal,ZH
affeltrangen,TG
affoltern am albis,ZH
affoltern im emmental,BE
agarn,VS
agarone,TI
agasul,ZH
agiez,VD
agno,TI
agra,TI
agriswil,FR
aigle,VD
aire,GE
aire la ville,GE
airolo,TI
alberswil,LU
albeuve,FR
albinen,VS
albligen,BE
alchenfluh,BE
alchenstorf,BE
aldesago,TI
algetshausen,SG
alikon,AG
allaman,VD
alle,JU
allens,VD
allenwinden,ZG
allerheiligenberg,SO
allmendingen b bern,BE
allschwil,BL
almens,GR
alosen,ZG
alp grum,GR
alpnach dorf,OW
alpnachstad,OW
alpthal,SZ
alt st johann,SG
altburon,LU
altdorf sh,SH
altdorf ur,UR
alten,ZH
altendorf,SZ
altenrhein,SG
alterswil fr,FR
alterswilen,TG
altikon,ZH
altishausen,TG
altishofen,LU
altnau,TG
altstatten sg,SG
altwis,LU
alvaneu bad,GR
alvaneu dorf,GR
alvaschein,GR
ambri,TI
amden,SG
aminona,VS
amlikon bissegg,TG
ammerswil ag,AG
ammerzwil be,BE
amriswil,TG
amsoldingen,BE
amsteg,UR
andeer,GR
andelfingen,ZH
andermatt,UR
andhausen,TG
andiast,GR
andwil sg,SG
andwil tg,TG
anglikon,AG
anieres,GE
anwil,BL
anzere,VS
anzonico,TI
appenzell,AI
appenzell eggerstanden,AI
appenzell enggenhutten,AI
appenzell meistersrute,AI
appenzell schlatt,AI
appenzell steinegg,AI
apples,VD
aproz nendaz,VS
aquila,TI
aran,VD
aranno,TI
arbaz,VS
arbedo,TI
arboldswil,BL
arbon,TG
arcegno,TI
arch,BE
arconciel,FR
ardez,GR
ardon,VS
areuse,NE
argnou ayent,VS
arisdorf,BL
aristau,AG
arlesheim,BL
arnegg,SG
arnex sur nyon,VD
arnex sur orbe,VD
arni ag,AG
arni be,BE
arogno,TI
arolla,VS
arosa,GR
arosio,TI
arth,SZ
arveyes,VD
arvigo,GR
arvillard salins,VS
arzier le muids,VD
arzo,TI
ascharina,GR
ascona,TI
asp,AG
assens,VD
astano,TI
asuel,JU
athenaz avusy,GE
attalens,FR
attelwil,AG
attikon,ZH
attinghausen,UR
attiswil,BE
au sg,SG
au tg,TG
au zh,ZH
aubonne,VD
auboranges,FR
auddes sur riddes,VS
auenstein,AG
augio,GR
augst bl,BL
aumont,FR
auressio,TI
aurigeno,TI
auslikon,ZH
ausserberg,VS
ausserbinn,VS
ausserferrera,GR
auswil,BE
autafond,FR
autavaux,FR
autigny,FR
auvernier,NE
auw,AG
avegno,TI
aven,VS
avenches,VD
avers,GR
avry devant pont,FR
avry sur matran,FR
avully,GE
axalp,BE
ayer,VS
azmoos,SG
baar,ZG
baar nendaz,VS
bach sz,SZ
bachenbulach,ZH
bachli hemberg,SG
bachs,ZH
bad ragaz,SG
bad zurzach,AG
baden,AG
baldegg,LU
baldingen,AG
balerna,TI
balgach,SG
ballaigues,VD
ballens,VD
ballmoos,BE
ballwil,LU
balm b gunsberg,SO
balm b messen,SO
balmberg,SO
balsthal,SO
balterswil,TG
baltschieder,VS
banco,TI
bangerten b dieterswil,BE
bank dagerlen,ZH
bannwil,BE
barau,BE
barbengo,TI
barbereche,FR
baretswil,ZH
bargen be,BE
bargen sh,SH
bariswil be,BE
barschwil,SO
barzheim,SH
basadingen,TG
basel,BS
basse nendaz,VS
bassecourt,JU
bassersdorf,ZH
bassins,VD
batterkinden,BE
battwil,SO
bauen,UR
baulmes,VD
bauma,ZH
bavois,VD
bazenheid,SG
beatenberg,BE
beckenried,NW
bedano,TI
bedigliora,TI
bedretto,TI
beggingen,SH
begnins,VD
beinwil am see,AG
beinwil freiamt,AG
beinwil so,SO
belalp,VS
belfaux,FR
bellach,SO
bellelay,BE
bellerive vd,VD
bellevue,GE
bellikon,AG
bellinzona,TI
bellmund,BE
bellwald,VS
belmont sur lausanne,VD
belmont sur yverdon,VD
belp,BE
belpberg,BE
belprahon,BE
benglen,ZH
benken sg,SG
benken zh,ZH
bennau,SZ
bennwil,BL
benzenschwil,AG
bercher,VD
berg am irchel,ZH
berg dagerlen,ZH
berg sg,SG
berg tg,TG
bergdietikon,AG
bergun bravuogn,GR
beride di bedigliora,TI
berikon,AG
beringen,SH
berken,BE
berlens,FR
berlingen,TG
bern,BE
berneck,SG
bernex,GE
bernhardzell,SG
berolle,VD
beromunster,LU
berschis,SG
bertschikon,ZH
bertschikon gossau zh,ZH
berzona,TI
besazio,TI
besenburen,AG
besencens,FR
betschwanden,GL
betten,VS
bettenhausen,BE
bettens,VD
bettingen,BS
bettlach,SO
bettmeralp,VS
bettwiesen,TG
bettwil,AG
beurnevesin,JU
beuson nendaz,VS
bevaix,NE
bever,GR
bevilard,BE
bex,VD
biasca,TI
biberen,BE
biberist,SO
bibern sh,SH
bibern so,SO
biberstein,AG
bichelsee,TG
bichwil,SG
bidogno,TI
biel benken bl,BL
biel bienne,BE
biel vs,VS
biembach im emmental,BE
biere,VD
biessenhofen,TG
bieudron nendaz,VS
biezwil,SO
bigenthal,BE
biglen,BE
bignasco,TI
bigorio,TI
billens,FR
bilten,GL
binn,VS
binningen,BL
binz,ZH
bioggio,TI
bioley magnoux,VD
bioley orjulaz,VD
bionnens,FR
birgisch,VS
birmensdorf zh,ZH
birmenstorf ag,AG
bironico,TI
birr,AG
birrhard,AG
birrwil,AG
birsfelden,BL
birwinken,TG
bischofszell,TG
bissone,TI
bister,VS
bitsch,VS
bivio,GR
blankenburg,BE
blatten b naters,VS
blatten lotschen,VS
blauen,BL
blausee mitholz,BE
bleienbach,BE
bleiken b oberdiessbach,BE
blessens,FR
blignou ayent,VS
blitzingen,VS
blonay,VD
blumenstein,BE
bobikon,AG
bockten,BL
bodio ti,TI
boecourt,JU
bofflens,VD
bogis bossey,VD
bogno,TI
bole,NE
bolken,SO
boll,BE
bolligen,BE
bollingen,SG
bollion,FR
bollodingen,BE
boltigen,BE
bombinasco,TI
bonaduz,GR
bonau,TG
boncourt,JU
bondo,GR
bonfol,JU
bonigen b interlaken,BE
boningen,SO
boniswil,AG
bonnefontaine,FR
bonstetten,ZH
bonvillars,VD
boppelsen,ZH
borex,VD
borgnone,TI
borgonovo,GR
bosco gurin,TI
bosco luganese,TI
bosingen,FR
bossonnens,FR
boswil,AG
bottens,VD
bottenwil,AG
botterens,FR
bottighofen,TG
bottmingen,BL
bottstein,AG
botyre ayent,VS
boudevilliers,NE
boudry,NE
bougy villars,VD
boulens,VD
bouloz,FR
bourg st pierre,VS
bourguillon,FR
bournens,VD
bourrignon,JU
boussens,VD
bouveret,VS
boveresse,NE
bovernier,VS
bowil,BE
bozberg,AG
bozen,AG
braggio,GR
brail,GR
bramboden,LU
bramois,VS
bratsch,VS
braunau,TG
braunwald,GL
bre sopra lugano,TI
breganzona,TI
breil brigels,GR
breitenbach,SO
bremblens,VD
bremgarten ag,AG
bremgarten b bern,BE
brenles,VD
breno,TI
brent,VD
brenzikofen,BE
bressaucourt,JU
bretigny sur morrens,VD
bretonnieres,VD
bretzwil,BL
brienz be,BE
brienz brinzauls gr,GR
brienzwiler,BE
brig,VS
brigerbad,VS
brignon nendaz,VS
brione sopra minusio,TI
brione verzasca,TI
brislach,BL
brissago,TI
bristen,UR
brittern,SO
brittnau,AG
broc,FR
broglio,TI
bronschhofen,SG
brontallo,TI
brot dessous,NE
brot plamboz,NE
bruderholz,BL
brugg ag,AG
brugg be,BE
brugglen,SO
brulisau,AI
brunegg,AG
brunig,BE
brunisried,FR
brunnadern,SG
brunnen,SZ
brunnenthal,SO
brusino arsizio,TI
brusio,GR
bruson,VS
bruttelen,BE
brutten,ZH
bruttisellen,ZH
bruzella,TI
bubendorf,BL
bubikon,ZH
buch am irchel,ZH
buch b frauenfeld,TG
buch b kummertshausen,TG
buch b marwil,TG
buch sh,SH
buchackern,TG
buchberg,SH
buchen be,BE
buchen im prattigau,GR
buchillon,VD
buchrain,LU
buchs ag,AG
buchs lu,LU
buchs sg,SG
buchs zh,ZH
buchslen,FR
buckten,BL
buetigen,BE
buhl b aarberg,BE
buhler,AR
buhwil,TG
buix,JU
bulach,ZH
bulle,FR
bullet,VD
bunzen,AG
buochs,NW
buonas,ZG
burchen,VS
bure,JU
buren an der aare,BE
buren nw,NW
buren so,SO
buren zum hof,BE
burg ag,AG
burg im leimental,BL
burgaschi,SO
burgdorf,BE
burgenstock,NW
burgistein,BE
burglauenen,BE
burglen ow,OW
burglen tg,TG
burglen ur,UR
buriswilen,AI
buron,LU
bursinel,VD
bursins,VD
burtigny,VD
buseno,GR
busserach,SO
bussigny,VD
bussigny sur oron,VD
bussnang,TG
busswil b melchnau,BE
busswil be,BE
busswil tg,TG
bussy chardonney,VD
bussy fr,FR
bussy sur moudon,VD
butschwil,SG
buttenhardt,SH
buttes,NE
buttikon ag,AG
buttikon sz,SZ
buttisholz,LU
buttwil,AG
butzberg,BE
buus,BL
cabbio,TI
cademario,TI
cadempino,TI
cadenazzo,TI
cadro,TI
cagiallo,TI
calfreisen,GR
calonico,TI
calpiogna,TI
cama,GR
camedo,TI
camignolo,TI
camischolas,GR
camorino,TI
campascio,GR
campello,TI
camperio,TI
campo blenio,TI
campo vallemaggia,TI
campocologno,GR
campora,TI
camuns,GR
caneggio,TI
canobbio,TI
capolago,TI
carabbia,TI
carabietta,TI
carena,TI
cari,TI
carona,TI
carouge ge,GE
carrouge vd,VD
cartigny,GE
casaccia,GR
casima,TI
caslano,TI
cassina d agno,TI
castagnola,TI
castaneda,GR
castasegna,GR
castel san pietro,TI
castelrotto,TI
castiel,GR
castione,TI
castrisch,GR
castro,TI
cauco,GR
caux,VD
cavagnago,TI
cavardiras,GR
cavergno,TI
caviano,TI
cavigliano,TI
cazis,GR
celerina schlarigna,GR
celigny,GE
cerentino,TI
cerniat fr,FR
cerniaz vd,VD
cernier,NE
certara,TI
cevio,TI
chables fr,FR
chabrey,VD
chailly montreux,VD
chalais,VS
cham,ZG
chambesy,GE
chamblon,VD
chambrelien,NE
chamby,VD
chamoille sembrancher,VS
chamoson,VS
champ du moulin,NE
champagne,VD
champery,VS
champex lac,VS
champfer,GR
champlan grimisuat,VS
champoussin,VS
champoz,BE
champsec,VS
champtauroz,VD
champvent,VD
champzabe,VS
chancy,GE
chandolin,VS
chandon,FR
chandonne liddes,VS
chaneaz,VD
chapella,GR
chapelle broye,FR
chapelle glane,FR
chapelle sur moudon,VD
chardonne,VD
charmey gruyere,FR
charmoille,JU
charrat,VS
chateau d oex,VD
chatel st denis,FR
chatel sur montsalvens,FR
chatelaine,GE
chatelat,BE
chatillens,VD
chatillon fr,FR
chatillon ju,JU
chatonnaye,FR
chaumont,NE
chavannes de bogis,VD
chavannes des bois,VD
chavannes le chene,VD
chavannes le veyron,VD
chavannes les forts,FR
chavannes pres renens,VD
chavannes sous orsonnens,FR
chavannes sur moudon,VD
chavornay,VD
cheiry,FR
chemin,VS
chenaux,VD
chene bougeries,GE
chene bourg,GE
chene paquier,VD
chenens,FR
chermignon,VS
chermignon d en bas,VS
chernex,VD
chesalles sur moudon,VD
chesalles sur oron,VD
cheseaux noreaz,VD
cheseaux sur lausanne,VD
cheserex,VD
chesieres,VD
chesopelloz,FR
chessel,VD
chevenez,JU
chevilly,VD
chevroux,VD
chexbres,VD
cheyres,FR
chez le bart,NE
chez petit liddes,VS
chezard st martin,NE
chiasso,TI
chiggiogna,TI
chigny,VD
chippis,VS
chironico,TI
choex,VS
choulex,GE
chur,GR
churwalden,GR
cimadera,TI
cimalmotto,TI
cimo,TI
cinuos chel,GR
clarens,VD
clarmont,VD
claro,TI
clavaleyres,FR
clebes nendaz,VS
clugin,GR
coeuve,JU
coffrane,NE
coglio,TI
coinsins,VD
cointrin,GE
coldrerio,TI
colla,TI
collex,GE
collombey,VS
collonge bellerive,GE
collonges,VS
cologny,GE
colombier ne,NE
colombier vd,VD
comano,TI
combremont le grand,VD
combremont le petit,VD
commugny,VD
comologno,TI
conches,GE
concise,VD
condemines nendaz,VS
confignon,GE
constantine,VD
conters im prattigau,GR
conthey,VS
contone,TI
contra,TI
coppet,VD
corban,JU
corbeyrier,VD
corbieres,FR
corcelles be,BE
corcelles le jorat,VD
corcelles ne,NE
corcelles pres concise,VD
corcelles pres payerne,VD
corcelles sur chavornay,VD
cordast,FR
corgemont,BE
corin de la crete,VS
corippo,TI
corjolens,FR
cormagens,FR
cormerod,FR
corminboeuf,FR
cormondreche,NE
cormoret,BE
cornaux ne,NE
cornol,JU
corpataux,FR
correvon,VD
corseaux,VD
corserey,FR
corsier ge,GE
corsier sur vevey,VD
cortaillod,NE
cortebert,BE
corteglia,TI
corticiasca,TI
corzoneso,TI
cossonay ville,VD
cottens fr,FR
cottens vd,VD
cotterd,VD
courcelon,JU
courchapoix,JU
courchavon,JU
courfaivre,JU
courgenay,JU
courgevaux,FR
courlevon,FR
cournillens,FR
courrendlin,JU
courroux,JU
court,BE
courtaman,FR
courtedoux,JU
courtelary,BE
courtemaiche,JU
courtemautruy,JU
courtepin,FR
courtetelle,JU
courtion,FR
cousset,FR
couvet,NE
cozzo,TI
crana,TI
crans montana,VS
crans vd,VD
crans vs,VS
crassier,VD
cremin,VD
cremines,BE
cresciano,TI
cressier fr,FR
cressier ne,NE
cresuz,FR
crete a l oeil les agettes,VS
cries volleges,VS
crissier,VD
cronay,VD
croy,VD
cuarnens,VD
cuarny,VD
cudrefin,VD
cugnasco,TI
cugy fr,FR
cugy vd,VD
cully,VD
cumbel,GR
cumpadials,GR
cunter,GR
curaglia,GR
cureggia,TI
cureglia,TI
curio,TI
curtilles,VD
curtina,TI
dachsen,ZH
dagerlen,ZH
dagmersellen,LU
daillens,VD
daillon,VS
daiwil,LU
dalin,GR
dallenwil,NW
dallikon,ZH
dalpe,TI
damphreux,JU
damvant,JU
dangio,TI
daniken so,SO
danikon zh,ZH
danis,GR
dardagny,GE
dardin,GR
darligen,BE
darstetten,BE
dattlikon,ZH
dattwil ag,AG
davesco soragno,TI
davos clavadel,GR
davos dorf,GR
davos frauenkirch,GR
davos glaris,GR
davos monstein,GR
davos platz,GR
davos wiesen,GR
davos wolfgang,GR
degen,GR
degersheim,SG
deisswil b munchenbuchsee,BE
deitingen,SO
delemont,JU
delley,FR
demoret,VD
denens,VD
denezy,VD
denges,VD
densburen,AG
derendingen,SO
detligen,BE
dettighofen,TG
dettighofen lengwil,TG
develier,JU
dickbuch,ZH
dicken,SG
diegten,BL
dielsdorf,ZH
diemerswil,BE
diemtigen,BE
diepflingen,BL
diepoldsau,SG
dierikon,LU
diesbach gl,GL
diessbach b buren,BE
diesse,BE
diessenhofen,TG
dieterswil,BE
dietfurt,SG
dietikon,ZH
dietlikon,ZH
dietschwil,SG
dietwil,AG
dinhard,ZH
dino,TI
dintikon,AG
disentis muster,GR
dittingen,BL
dizy,VD
domat ems,GR
dombresson,NE
domdidier,FR
dommartin,VD
dompierre fr,FR
dompierre vd,VD
donat,GR
donatyre,VD
dongio,TI
donneloye,VD
donzhausen,TG
doppleschwand,LU
dorenaz,VS
dorf,ZH
dorflingen,SH
dornach,SO
dotnacht,TG
dottikon,AG
dottingen,AG
dotzigen,BE
dozwil,TG
dranse liddes,VS
dreien,SG
dubendorf,ZH
dudingen,FR
duggingen,BL
dugny leytron,VS
duillier,VD
dulliken,SO
dully,VD
durnten,ZH
durrenasch,AG
durrenroth,BE
dussnang,TG
duvin,GR
ebersecken,LU
ebersol,SG
ebertswil,ZH
ebikon,LU
ebmatingen,ZH
ebnat kappel,SG
ebnet,LU
echallens,VD
echandens,VD
echarlens,FR
echichens,VD
eclagnens,VD
eclepens,VD
ecoteaux,VD
ecublens fr,FR
ecublens vd,VD
ecuvillens,FR
ederswiler,JU
edlibach,ZG
effingen,AG
effretikon,ZH
egerkingen,SO
egg b zurich,ZH
egg flawil,SG
egg sz,SZ
eggenwil,AG
eggerberg,VS
eggersriet,SG
eggiwil,BE
eglisau,ZH
egliswil,AG
egnach,TG
egolzwil,LU
ehrendingen,AG
ehrikon,ZH
eich,LU
eichberg,SG
eigenthal,LU
eigergletscher,BE
eiken,AG
einigen,BE
einsiedeln,SZ
eischoll,VS
eison st martin,VS
eisten,VS
elfingen,AG
elgg,ZH
ellighausen,TG
ellikon am rhein,ZH
ellikon an der thur,ZH
elm,GL
elsau,ZH
embd,VS
embrach,ZH
emdthal,BE
emmen,LU
emmenbrucke,LU
emmenmatt,BE
emmetten,NW
endingen,AG
engelberg,OW
engelburg,SG
enges,NE
enggistein,BE
engi,GL
engishofen,TG
englisberg,BE
engollon,NE
engwang,TG
engwilen,TG
ennenda,GL
ennetaach,TG
ennetbaden,AG
ennetbuhl,SG
ennetburgen,NW
ennetmoos,NW
enney,FR
entlebuch,LU
epagny,FR
epalinges,VD
epautheyres,VD
epauvillers,JU
ependes fr,FR
ependes vd,VD
epesses,VD
epiquerez,JU
eppenberg,SO
epsach,BE
eptingen,BL
erde,VS
ergisch,VS
eriswil,BE
eriz,BE
erlach,BE
erlen,TG
erlenbach im simmental,BE
erlenbach zh,ZH
erlinsbach,AG
erlinsbach so,SO
ermatingen,TG
ermensee,LU
ermenswil,SG
ernen,VS
ernetschwil,SG
erschmatt,VS
erschwil,SO
ersigen,BE
erstfeld,UR
eschenbach lu,LU
eschenbach sg,SG
eschenz,TG
eschert,BE
eschikofen,TG
eschlikon tg,TG
escholzmatt,LU
esmonts,FR
essert fr,FR
essert pittet,VD
essert sous champvent,VD
essertes,VD
essertines sur rolle,VD
essertines sur yverdon,VD
esslingen,ZH
estavannens,FR
estavayer le gibloux,FR
estavayer le lac,FR
estevenens,FR
etagnieres,VD
etoy,VD
ettenhausen tg,TG
ettingen,BL
ettiswil,LU
etzelkofen,BE
etzgen,AG
etziken,SO
etzwilen,TG
euseigne,VS
euthal,SZ
evilard,BE
evionnaz,VS
evolene,VS
eyholz,VS
eysins,VD
fahrni b thun,BE
fahrwangen,AG
fahrweid,ZH
fahy,JU
faido,TI
fajauna,GR
falera,GR
fallanden,ZH
fanas,GR
fankhaus trub,BE
faoug,VD
farnern,BE
farvagny le grand,FR
farvagny le petit,FR
faulensee,BE
fechy,VD
fehraltorf,ZH
fehren,SO
felben wellhausen,TG
feldbach,ZH
feldbrunnen,SO
feldis veulden,GR
felsberg,GR
fenalet sur bex,VD
fenil sur corsier,VD
fenin,NE
fenkrieden,AG
ferden,VS
ferenbalm,BE
ferlens vd,VD
ferpicloz,FR
ferreyres,VD
fescoggia,TI
fetigny,FR
feuerthalen,ZH
feusisberg,SZ
feutersoey,BE
fex,GR
fey,VD
fey nendaz,VS
fiaugeres,FR
fidaz,GR
fideris,GR
fiesch,VS
fieschertal,VS
fiez,VD
figino,TI
filet,VS
filisur,GR
filzbach,GL
finhaut,VS
finsterhennen,BE
finstersee,ZG
finsterwald b entlebuch,LU
fionnay,VS
fischbach goslikon,AG
fischbach lu,LU
fischenthal,ZH
fischingen,TG
fisibach,AG
fislisbach,AG
flaach,ZH
flamatt,FR
flanthey,VS
flasch,GR
flawil,SG
flendruz,VD
flerden,GR
fleurier,NE
flims dorf,GR
flims waldhaus,GR
flond,GR
fluelen,UR
flueli ranft,OW
fluh,SO
fluhli lu,LU
flumenthal,SO
flums,SG
flums hochwiese,SG
flumserberg bergheim,SG
flumserberg portels,SG
flumserberg saxli,SG
flumserberg tannenbodenalp,SG
flumserberg tannenheim,SG
flurlingen,ZH
font,FR
fontaine dessous liddes,VS
fontaine dessus liddes,VS
fontainemelon,NE
fontaines ne,NE
fontaines sur grandson,VD
fontanezier,VD
fontannen b wolhusen,LU
fontenais,JU
fontnas,SG
forch,ZH
forel fr,FR
forel lavaux,VD
forel sur lucens,VD
formangueires,FR
fornet dessous,BE
fornet dessus,JU
fornex liddes,VS
forst b langenbuhl,BE
fortunau ayent,VS
founex,VD
fraschels,FR
frasco,TI
frasnacht,TG
frasses,FR
fraubrunnen,BE
frauenfeld,TG
frauenkappelen,BE
fregiecourt,JU
freidorf tg,TG
freienbach,SZ
freienstein,ZH
freienwil,AG
freimettigen,BE
frenieres sur bex,VD
frenkendorf,BL
fresens,NE
fretereules,NE
freudwil,ZH
fribourg,FR
frick,AG
frieswil,BE
friltschen,TG
frinvillier,BE
froideville,VD
frumsen,SG
fruthwilen,TG
frutigen,BE
ftan,GR
fuldera,GR
fulenbach,SO
full reuenthal,AG
fullinsdorf,BL
fully,VS
furigen,NW
furna,GR
furstenau,GR
furstenaubruck,GR
fusio,TI
gabi simplon,VS
gachlingen,SH
gachliwil,SO
gachnang,TG
gadenstatt,GR
gadmen,BE
gahwil,SG
gais,AR
galgenen,SZ
galmiz,FR
gals,BE
gammen,BE
gampel,VS
gampelen,BE
gams,SG
gamsen,VS
gandria,TI
gansbrunnen,SO
gansingen,AG
ganterschwil,SG
gasel,BE
gattikon,ZH
gebenstorf,AG
gebertingen,SG
geiss,LU
gelfingen,LU
gelterfingen,BE
gelterkinden,BL
geltwil,AG
gempen,SO
gempenach,FR
genestrerio,TI
geneve,GE
genolier,VD
genthod,GE
gentilino,TI
gerlafingen,SO
gerlikon,TG
geroldswil,ZH
gerolfingen,BE
gerra gambarogno,TI
gerra verzasca,TI
gersau,SZ
gerzensee,BE
geschinen,VS
gettnau,LU
geuensee,LU
ghirone,TI
gibswil,ZH
giebenach,BL
giez,VD
giffers,FR
gillarens,FR
gilly,VD
gimel,VD
gimmelwald,BE
gingins,VD
giornico,TI
gipf oberfrick,AG
gisikon,LU
giswil,OW
giubiasco,TI
giumaglio,TI
givisiez,FR
givrins,VD
gland,VD
glarus,GL
glashutten,AG
glattbrugg,ZH
glattfelden,ZH
glattpark opfikon,ZH
gletterens,FR
glion,VD
glis,VS
glovelier,JU
gluringen,VS
gnosca,TI
gockhausen,ZH
gohl,BE
golaten,BE
goldach,SG
goldau,SZ
goldingen,SG
goldiwil thun,BE
goldswil b interlaken,BE
golino,TI
gollion,VD
gommiswald,SG
gondiswil,BE
gondo,VS
gonten,AI
gontenbad,AI
gontenschwil,AG
goppenstein,VS
goppisberg,VS
gordevio,TI
gordola,TI
gorduno,TI
gorgier,NE
goschenen,UR
gossau sg,SG
gossau zh,ZH
gossens,VD
gossliwil,SO
gotighofen,TG
gottlieben,TG
goumoens la ville,VD
goumoens le jux,VD
goumois,JU
graben,BE
grabs,SG
grabserberg,SG
grachen,VS
grafenried,BE
grafstal,ZH
graltshausen,TG
grancia,TI
grancy,VD
grand lancy,GE
grandcour,VD
grandevent,VD
grandfontaine,JU
grandsivaz,FR
grandson,VD
grandval,BE
grandvaux,VD
grandvillard,FR
granges de vesin,FR
granges paccot,FR
granges pres marnand,VD
granges veveyse,FR
granges vs,VS
grangettes pres romont,FR
granichen,AG
graslikon,ZH
grasswil,BE
grattavache,FR
gravesano,TI
greich,VS
greifensee,ZH
grellingen,BL
grenchen,SO
greng,FR
grengiols,VS
grenilles,FR
grens,VD
greppen,LU
gresso,TI
gressy,VD
gretschins,SG
gretzenbach,SO
grimentz,VS
grimisuat,VS
grindel,SO
grindelwald,BE
grolley,FR
grone,VS
grono,GR
gross,SZ
grossaffoltern,BE
grossdietwil,LU
grosshochstetten,BE
grosswangen,LU
grub ar,AR
grub sg,SG
gruben,VS
grugnay chamoson,VS
grund b gstaad,BE
grunen,BE
grunenmatt,BE
gruningen,ZH
grusch,GR
grut gossau zh,ZH
gruyeres,FR
gryon,VD
gstaad,BE
gsteig b gstaad,BE
gsteigwiler,BE
guarda,GR
gudo,TI
guggisberg,BE
gumefens,FR
gumligen,BE
gummenen,BE
gundetswil,ZH
gundisau,ZH
gundlischwand,BE
gunsberg,SO
guntalingen,ZH
gunten,BE
guntershausen b aadorf,TG
guntershausen b berg,TG
gunterswilen,TG
guntmadingen,SH
gunzgen,SO
gunzwil,LU
gurbru,BE
gurmels,FR
gurtnellen,UR
gurzelen,BE
guschelmuth,FR
gutenburg,BE
gutenswil,ZH
guttannen,BE
guttet feschel,VS
guttingen,TG
gwatt thun,BE
gy,GE
gysenstein,BE
haag rheintal,SG
habkern,BE
habsburg,AG
hafelfingen,BL
hagenbuch zh,ZH
hagendorf,SO
hagendorn,ZG
hagenwil b amriswil,TG
haggenschwil,SG
hagglingen,AG
hagneck,BE
halden,TG
haldenstein,GR
haldi b schattdorf,UR
hallau,SH
hallwil,AG
halten,SO
hamikon,LU
happerswil,TG
harenwilen,TG
harkingen,SO
hasle b burgdorf,BE
hasle lu,LU
haslen ai,AI
haslen gl,GL
hasliberg goldern,BE
hasliberg hohfluh,BE
hasliberg reuti,BE
hasliberg wasserwendi,BE
hattenhausen,TG
hatzingen,GL
hauenstein,SO
hauptikon,ZH
hauptwil,TG
hausen ag,AG
hausen am albis,ZH
hausernmoos im emmental,BE
hauslenen,TG
haute nendaz,VS
hauterive ne,NE
hauteville,FR
hautligen,BE
hedingen,ZH
heerbrugg,SG
hefenhausen,TG
hefenhofen,TG
heiden,AR
heiligenschwendi,BE
heiligkreuz mels,SG
heimberg,BE
heimenhausen,BE
heimenschwand,BE
heimisbach,BE
heimiswil,BE
heinrichswil,SO
heitenried,FR
heldswil,TG
helgisried rohrbach,BE
hellbuhl,LU
hellikon,AG
hellsau,BE
hemberg,SG
hemishofen,SH
hemmental,SH
hemmiken,BL
henau,SG
hendschiken,AG
henggart,ZH
hennens,FR
henniez,VD
herbetswil,SO
herbligen,BE
herbriggen,VS
herdern,TG
heremence,VS
hergiswil b willisau,LU
hergiswil nw,NW
herisau,AR
herlisberg,LU
hermance,GE
hermenches,VD
hermetschwil staffeln,AG
hermiswil,BE
hermrigen,BE
herrenhof,TG
herrenschwanden,BE
herrliberg,ZH
hersberg,BL
hersiwil,SO
hertenstein ag,AG
herznach,AG
herzogenbuchsee,BE
hessigkofen,SO
hettenschwil,AG
hettiswil b hindelbank,BE
hettlingen,ZH
hildisrieden,LU
hilfikon,AG
hilterfingen,BE
himmelried,SO
hindelbank,BE
hinteregg,ZH
hinterforst,SG
hinterfultigen,BE
hinterkappelen,BE
hintermoos,LU
hinterrhein,GR
hinwil,ZH
hirschthal,AG
hirzel,ZH
hittnau,ZH
hitzkirch,LU
hochdorf,LU
hochfelden,ZH
hochstetten,BE
hochwald,SO
hofen b thun,BE
hofen sh,SH
hoffeld,SG
hofstatt,LU
hofstetten b brienz,BE
hofstetten so,SO
hofstetten zh,ZH
hohenrain,LU
hohentannen,TG
hohtenn,VS
holderbank ag,AG
holderbank so,SO
holstein,BL
holzhausern zg,ZG
holziken,AG
homberg b thun,BE
hombrechtikon,ZH
homburg,TG
honau,LU
hondrich,BE
horboden,BE
horgen,ZH
horgenberg,ZH
horhausen,TG
hori,ZH
horn,TG
hornussen,AG
horrenbach,BE
horriwil,SO
horw,LU
hosenruck,TG
hospental,UR
hottwil,AG
hubersdorf,SO
huemoz,VD
hugelshofen,TG
humlikon,ZH
hundwil,AR
hunenberg,ZG
hunenberg see,ZG
hunibach,BE
huniken,SO
hunikon neftenbach,ZH
huntwangen,ZH
hunzenschwil,AG
hurden,SZ
huswil,LU
hutten,ZH
huttikon,ZH
huttlingen,TG
huttwil,BE
huttwilen,TG
ibach,SZ
ichertswil,SO
icogne,VS
iffwil,BE
igis,GR
ilanz,GR
illgau,SZ
illhart,TG
illighausen,TG
illnau,ZH
im fang,FR
immensee,SZ
indemini,TI
inden,VS
inkwil,BE
innerberg,BE
innerferrera,GR
innerthal,SZ
innertkirchen,BE
ins,BE
insone,TI
interlaken,BE
intragna,TI
intschi,UR
inwil,LU
ipsach,BE
iragna,TI
iseltwald,BE
isenfluh,BE
isenthal,UR
iseo,TI
iserables,VS
islikon,TG
islisberg,AG
isole di brissago,TI
isone,TI
istighofen,TG
itingen,BL
ittenthal,AG
ittigen,BE
jaberg,BE
jakobsbad,AI
jaun,FR
jegenstorf,BE
jenaz,GR
jenins,GR
jens,BE
jeuss,FR
jona,SG
jonen,AG
jongny,VD
jonschwil,SG
jouxtens mezery,VD
juf,GR
juriens,VD
jussy,GE
kagiswil,OW
kaiseraugst,AG
kaiserstuhl ag,AG
kaisten,AG
kallern,AG
kallnach,BE
kalpetran,VS
kaltacker,BE
kaltbach,LU
kaltbrunn,SG
kaltenbach,TG
kammersrohr,SO
kandergrund,BE
kandersteg,BE
kanerkinden,BL
kappel am albis,ZH
kappel so,SO
kappelen,BE
kastanienbaum,LU
kaufdorf,BE
kefikon tg,TG
kefikon zh,ZH
kehrsatz,BE
kehrsiten,NW
kemptthal,ZH
kernenried,BE
kerns,OW
kerzers,FR
kesswil,TG
kestenholz,SO
kienberg,SO
kiental,BE
kiesen,BE
kilchberg bl,BL
kilchberg zh,ZH
killwangen,AG
kippel,VS
kirchberg be,BE
kirchberg sg,SG
kirchdorf ag,AG
kirchdorf be,BE
kirchenthurnen,BE
kirchleerau,AG
kirchlindach,BE
klarsreuti,TG
kleinandelfingen,ZH
kleinbosingen,FR
kleindietwil,BE
kleindottingen,AG
kleine scheidegg,BE
kleingurmels,FR
kleinlutzel,SO
kleinwangen,LU
klingnau,AG
klontal,GL
kloster fahr,AG
klosters,GR
klosters dorf,GR
kloten,ZH
knonau,ZH
knutwil,LU
koblenz,AG
kollbrunn,ZH
kolliken,AG
koniz,BE
konolfingen,BE
koppigen,BE
kottwil,LU
kradolf,TG
krailigen,BE
krattigen,BE
krauchthal,BE
kreuzlingen,TG
kriechenwil,BE
kriegstetten,SO
kriens,LU
kriessern,SG
krinau,SG
krummenau,SG
kublis,GR
kulmerau,LU
kummertshausen,TG
kunten,AG
kusnacht zh,ZH
kussnacht am rigi,SZ
kuttigen,AG
kuttigkofen,SO
kyburg,ZH
kyburg buchegg,SO
l abbaye,VD
l abergement,VD
l auberson,VD
l etivaz,VD
l isle,VD
l orient,VD
la brevine,NE
la chatagne,NE
la chaux cossonay,VD
la chaux de fonds,NE
la chaux des breuleux,JU
la chaux du milieu,NE
la comballaz,VD
la conversion,VD
la corbaz,FR
la cote aux fees,NE
la coudre,VD
la croix de rozon,GE
la croix lutry,VD
la cure,VD
la ferriere,BE
la forclaz vd,VD
la forclaz vs,VS
la fouly vs,VS
la garde sembrancher,VS
la heutte,BE
la joux fr,FR
la lecherette,VD
la magne,FR
la neirigue,FR
la neuveville,BE
la place ayent,VS
la plaine,GE
la praz,VD
la punt chamues ch,GR
la rippe,VD
la roche fr,FR
la rosa,GR
la russille,VD
la sage,VS
la sagne ne,NE
la sagne ste croix,VD
la sarraz,VD
la tanne,BE
la tine,VD
la tour de peilz,VD
la tour de treme,FR
la tour vs,VS
la tzoumaz,VS
la vernaz les agettes,VS
la verrerie,FR
la vraconnaz,VD
la vue des alpes,NE
laax gr,GR
lachen sz,SZ
laconnex,GE
ladir,GR
lajoux ju,JU
lalden,VS
lamboing,BE
lamone,TI
lampenberg,BL
lamperswil tg,TG
landiswil,BE
landquart,GR
landschlacht,TG
langenbruck,BL
langenbuhl,BE
langendorf,SO
langenthal,BE
langnau am albis,ZH
langnau b reiden,LU
langnau im emmental,BE
langrickenbach,TG
langwies,GR
langwiesen,ZH
lanna,VS
lanterswil,TG
lantsch lenz,GR
lanzenhausern,BE
lanzenneunforn,TG
largario,TI
latsch,GR
latterbach,BE
latti,BE
lauenen b gstaad,BE
lauerz,SZ
laufelfingen,BL
laufen,BL
laufenburg,AG
laupen be,BE
laupen zh,ZH
laupersdorf,SO
lauperswil,BE
laura,GR
lausanne,VD
lausen,BL
lauterbrunnen,BE
lauwil,BL
lavertezzo,TI
lavey les bains,VD
lavey village,VD
lavigny,VD
lavin,GR
lavorgo,TI
lax,VS
le bemont ju,JU
le brassus,VD
le brouillet,NE
le bry,FR
le cerneux pequignot,NE
le chable vs,VS
le chateau de ste croix,VD
le chatelard pres romont,FR
le chatelard vs,VS
le cret du locle,NE
le cret pres semsales,FR
le fuet,BE
le grand saconnex,GE
le landeron,NE
le lieu,VD
le lignon,GE
le locle,NE
le mont pelerin,VD
le mont sur lausanne,VD
le mouret,FR
le noirmont,JU
le paquier montbarry,FR
le paquier ne,NE
le peuchapatte,JU
le pont,VD
le predame,JU
le prese,GR
le prevoux,NE
le sechey,VD
le sentier,VD
le sepey,VD
le solliat,VD
le tretien,VS
le vaud,VD
lechelles,FR
leggia,GR
leibstadt,AG
leimbach ag,AG
leimbach tg,TG
leimiswil,BE
leissigen,BE
lenggenwil,SG
lengnau ag,AG
lengnau be,BE
lengwil,TG
lenk im simmental,BE
lens,VS
lentigny,FR
lenzburg,AG
lenzerheide lai,GR
leontica,TI
les acacias,GE
les agettes,VS
les avanchets,GE
les avants,VD
les bayards,NE
les bioux,VD
les bois,JU
les brenets,NE
les breuleux,JU
les charbonnieres,VD
les clees,VD
les collons,VS
les crosets,VS
les cullayes,VD
les diablerets,VD
les ecasseys,FR
les emibois,JU
les enfers,JU
les evouettes,VS
les friques,FR
les geneveys sur coffrane,NE
les genevez ju,JU
les giettes,VS
les granges salvan,VS
les hauderes,VS
les hauts geneveys,NE
les marecottes,VS
les mayens de sion,VS
les monts de corsier,VD
les monts de pully,VD
les mosses,VD
les moulins,VD
les moulins vs liddes,VS
les paccots,FR
les planchettes,NE
les plans sur bex,VD
les pommerats,JU
les pontins,BE
les ponts de martel,NE
les posses sur bex,VD
les pres d orvin,BE
les rasses,VD
les reussilles,BE
les sagnettes,NE
les sciernes d albeuve,FR
les tailleres,NE
les tavernes,VD
les thioleyres,VD
les valettes bovernier,VS
les verines chamoson,VS
les verrieres,NE
les vieux pres,NE
lessoc,FR
leuggelbach,GL
leuggern,AG
leuk stadt,VS
leukerbad,VS
leutwil,AG
leuzigen,BE
levron,VS
leysin,VD
leytron,VS
li curt,GR
libingen,SG
lichtensteig,SG
liddes,VS
liebefeld,BE
liebistorf,FR
liedertswil,BL
lieffrens,FR
lieli lu,LU
lienz,SG
liesberg,BL
liesberg dorf,BL
liestal,BL
liez st martin,VS
ligerz,BE
lignerolle,VD
lignieres,NE
ligornetto,TI
limpach,BE
lindau,ZH
linden,BE
linescio,TI
linthal,GL
lipperswil,TG
lippoldswilen,TG
littenheid,TG
litziruti,GR
lobsigen,BE
loc,VS
locarno,TI
loco,TI
lodano,TI
lodrino,TI
lohn ammannsegg,SO
lohn gr,GR
lohn sh,SH
lohningen,SH
lohnstorf,BE
lommenschwil,SG
lommis,TG
lommiswil,SO
lonay,VD
longirod,VD
lopagno,TI
losone,TI
lossy,FR
lostallo,GR
lostorf,SO
lottigna,TI
lotzwil,BE
lourtier,VS
lovatens,VD
lovens,FR
loveresse,BE
lu,GR
luc ayent,VS
lucelle,JU
lucens,VD
luchingen,SG
luchsingen,GL
ludiano,TI
luen,GR
lufingen,ZH
lugaggia,TI
lugano,TI
lugnez,JU
lugnorre,FR
luins,VD
lully fr,FR
lully vd,VD
lumbrein,GR
lumino,TI
lunden,GR
lungern,OW
lupfig,AG
lupsingen,BL
lurtigen,FR
luscherz,BE
lussery villars,VD
lusslingen,SO
lussy fr,FR
lussy sur morges,VD
lustdorf,TG
lustmuhle,AR
luterbach,SO
luterkofen,SO
luterswil,SO
luthern,LU
luthern bad,LU
lutisburg,SG
lutisburg station,SG
lutry,VD
lutschental,BE
lutzelfluh goldbach,BE
lutzenberg,AR
luven,GR
luzein,GR
luzern,LU
lyss,BE
lyssach,BE
madetswil,ZH
madiswil,BE
madonna del piano,TI
madris vermol,SG
madulain,GR
magadino,TI
magden,AG
magenwil,AG
maggia,TI
magglingen macolin,BE
magliaso,TI
maglio di colla,TI
magnedens,FR
maienfeld,GR
mairengo,TI
maisprach,BL
maladers,GR
malans gr,GR
malans sg,SG
malix,GR
malleray,BE
maloja,GR
malters,LU
malvaglia,TI
mamishaus,BE
mammern,TG
mandach,AG
mannedorf,ZH
mannenbach salenstein,TG
mannens,FR
manno,TI
maracon,VD
marbach lu,LU
marbach sg,SG
marchissy,VD
mariastein,SO
marin epagnier,NE
marly,FR
marmorera,GR
marnand,VD
maroggia,TI
marolta,TI
marsens,FR
marstetten,TG
marthalen,ZH
martherenges,VD
martigny,VS
martigny croix,VS
martina,GR
martisberg,VS
marwil,TG
maschwanden,ZH
mase,VS
masein,GR
maseltrangen,SG
massagno,TI
massongex,VS
massonnens,FR
mastrils,GR
mathod,VD
mathon,GR
matran,FR
matt,GL
matten b interlaken,BE
matten st stephan,BE
mattstetten,BE
mattwil,TG
matzendorf,SO
matzingen,TG
mauborget,VD
mauensee,LU
maules,FR
maur,ZH
mauraz,VD
mauren tg,TG
mayens de chamoson,VS
medeglia,TI
medels im rheinwald,GR
meggen,LU
mehlsecken,LU
meien,UR
meienberg,AG
meienried,BE
meierskappel,LU
meikirch,BE
meilen,ZH
meinier,GE
meinisberg,BE
meiringen,BE
meisterschwanden,AG
melano,TI
melchnau,BE
melchsee frutt,OW
melchtal,OW
melide,TI
mellikon,AG
mellingen,AG
mels,SG
meltingen,SO
mendrisio,TI
menieres,FR
menzberg,LU
menzengrut,ZH
menziken,AG
menzingen,ZG
menznau,LU
menzonio,TI
merenschwand,AG
mergoscia,TI
meride,TI
merishausen,SH
merligen,BE
merlischachen,SZ
mervelier,JU
merzligen,BE
mesocco,GR
messen,SO
mettau,AG
mettembert,JU
mettendorf tg,TG
mettlen,TG
mettmenstetten,ZH
metzerlen,SO
mex vd,VD
mex vs,VS
meyriez,FR
meyrin,GE
mezery pres donneloye,VD
mezieres fr,FR
mezieres vd,VD
mezzovico,TI
middes,FR
miecourt,JU
miege,VS
mies,VD
miex,VS
miglieglia,TI
milken,BE
minusio,TI
miralago,GR
mirchel,BE
miseriez salins,VS
misery,FR
mission,VS
missy,VD
mitlodi,GL
mittelhausern,BE
mogelsberg,SG
moghegno,TI
mohlin,AG
moiry vd,VD
molare,TI
moleno,TI
moleson sur gruyeres,FR
molinis,GR
mollens vd,VD
mollens vs,VS
mollie margot,VD
mollis,GL
molondin,VD
mols,SG
mon,GR
monchaltorf,ZH
moneto,TI
monible,BE
monnaz,VD
mont crosin,BE
mont de buttes,NE
mont la ville,VD
mont soleil,BE
mont sur rolle,VD
mont tramelan,BE
montagne de courtelary,BE
montagne de sonvilier,BE
montagnola,TI
montagnon leytron,VS
montagny la ville,FR
montagny les monts,FR
montagny pres yverdon,VD
montalchez,NE
montana,VS
montaubion chardonney,VD
montavon,JU
montbovon,FR
montbrelloz,FR
montcherand,VD
monte,TI
monte carasso,TI
monteggio,TI
montenol,JU
montet broye,FR
montet glane,FR
montevraz,FR
montezillon,NE
montfaucon,JU
montfavergier,JU
monthal,AG
montherod,VD
monthey,VS
montignez,JU
montlingen,SG
montmagny,VD
montmelon,JU
montmollin,NE
montpreveyres,VD
montreux,VD
montricher,VD
montsevelier,JU
moosleerau,AG
moosseedorf,BE
morbio inferiore,TI
morbio superiore,TI
morcles,VD
morcote,TI
morel,VS
morens fr,FR
morgarten,ZG
morges,VD
morgins,VS
morigen,BE
moriken ag,AG
morissen,GR
morlens,FR
morlon,FR
morrens vd,VD
morschach,SZ
morschwil,SG
mosen,LU
mosnang,SG
mosogno,TI
mossel,FR
motier vully,FR
motiers ne,NE
motschwil,BE
motto blenio,TI
moudon,VD
moutier,JU
movelier,JU
mugena,TI
muggio,TI
muhen,AG
muhlau,AG
muhlebach goms,VS
muhleberg,BE
muhledorf be,BE
muhledorf so,SO
muhlehorn,GL
muhlethal,AG
muhlethurnen,BE
muhlruti,SG
mulchi,BE
mulegns,GR
mulenen,BE
mullheim dorf,TG
mullheim wigoltingen,TG
mulligen,AG
mumliswil,SO
mumpe medel,GR
mumpf,AG
munchenbuchsee,BE
munchenstein,BL
munchenwiler,BE
munchringen,BE
munchwilen ag,AG
munchwilen tg,TG
mund,VS
munsingen,BE
munster vs,VS
munsterlingen,TG
muntelier,FR
muntschemier,BE
muolen,SG
muotathal,SZ
mur vully fr,FR
mur vully vd,VD
muralto,TI
muraz collombey,VS
muraz sierre,VS
murg,SG
murgenthal,AG
muri ag,AG
muri b bern,BE
muriaux,JU
murist,FR
murren,BE
murten,FR
murzelen,BE
muselbach,SG
mustair,GR
muswangen,LU
mutrux,VD
mutten,GR
muttenz,BL
muzzano,TI
nafels,GL
nanikon,ZH
nassen,SG
nassenwil,ZH
naters,VS
nax,VS
naz,VD
nebikon,LU
necker,SG
neerach,ZH
neftenbach,ZH
neggio,TI
neirivue,FR
nemiaz chamoson,VS
nennigkofen,SO
nenzlingen,BL
neschwil,ZH
nesselnbach,AG
nesslau,SG
netstal,GL
neu st johann,SG
neuageri,ZG
neuchatel,NE
neudorf,LU
neuendorf,SO
neuenegg,BE
neuenhof,AG
neuenkirch,LU
neuhaus sg,SG
neuhausen am rheinfall,SH
neuheim,ZG
neukirch an der thur,TG
neukirch egnach,TG
neunkirch,SH
neuwilen,TG
neyruz fr,FR
neyruz sur moudon,VD
nidau,BE
nidfurn,GL
niederbipp,BE
niederbuchsiten,SO
niederburen,SG
niederdorf,BL
niedergampel,VS
niedergesteln,VS
niederglatt sg,SG
niederglatt zh,ZH
niedergosgen,SO
niederhasli,ZH
niederhelfenschwil,SG
niederhunigen,BE
niederlenz,AG
niedermuhlern,BE
niederneunforn,TG
niederonz,BE
niederosch,BE
niederrickenbach,NW
niederried b interlaken,BE
niederried b kallnach,BE
niederrohrdorf,AG
niederscherli,BE
niederstetten,SG
niederstocken,BE
niederteufen,AR
niederurnen,GL
niederuzwil,SG
niederwald,VS
niederwangen b bern,BE
niederweningen,ZH
niederwil ag,AG
niederwil sg,SG
niederwil so,SO
nierlet les bois,FR
niouc,VS
niva vallemaggia,TI
nivo,TI
nods,BE
noes,VS
noflen be,BE
nohl,ZH
noiraigue,NE
noreaz,FR
nottwil,LU
novaggio,TI
novalles,VD
novazzano,TI
noville,VD
nufenen,GR
nuglar,SO
nunningen,SO
nurensdorf,ZH
nussbaumen ag,AG
nussbaumen tg,TG
nusshof,BL
nuvilly,FR
nyon,VD
obburgen,NW
oberaach,TG
oberageri,ZG
oberarth,SZ
oberbalm,BE
oberbalmberg,SO
oberbipp,BE
oberbuchsiten,SO
oberburen,SG
oberburg,BE
oberbussnang,TG
oberbutschel,BE
oberdiessbach,BE
oberdorf bl,BL
oberdorf nw,NW
oberdorf so,SO
oberegg,AI
oberembrach,ZH
oberems,VS
oberengstringen,ZH
oberentfelden,AG
oberflachs,AG
oberfrittenbach,BE
obergerlafingen,SO
obergesteln,VS
oberglatt zh,ZH
obergoldbach,BE
obergosgen,SO
oberhallau,SH
oberhasli,ZH
oberhelfenschwil,SG
oberhof,AG
oberhofen ag,AG
oberhofen am thunersee,BE
oberhofen tg,TG
oberhunigen,BE
oberiberg,SZ
oberkirch lu,LU
oberkulm,AG
oberlunkhofen,AG
obermumpf,AG
obermutten,GR
obernau,LU
oberneunforn,TG
oberohringen,ZH
oberonz,BE
oberosch,BE
oberramsern,SO
oberrickenbach,NW
oberried am brienzersee,BE
oberried fr,FR
oberrieden,ZH
oberriet sg,SG
oberrindal,SG
oberrohrdorf,AG
oberruti,AG
obersaxen,GR
oberschan,SG
oberschrot,FR
oberstammheim,ZH
obersteckholz,BE
oberstetten,SG
oberstocken,BE
oberterzen,SG
oberthal,BE
oberurnen,GL
oberuzwil,SG
oberwald,VS
oberwangen b bern,BE
oberwangen tg,TG
oberweningen,ZH
oberwil b buren,BE
oberwil b zug,ZG
oberwil bl,BL
oberwil dagerlen,ZH
oberwil im simmental,BE
oberwil lieli,AG
obfelden,ZH
obstalden,GL
ochlenberg,BE
ocourt,JU
odogno,TI
oekingen,SO
oensingen,SO
oerlingen,ZH
oeschenbach,BE
oeschgen,AG
oeschseite,BE
oetwil am see,ZH
oetwil an der limmat,ZH
oey,BE
oftringen,AG
ogens,VD
oggio,TI
ohmstal,LU
olivone,TI
ollon vd,VD
ollon vs,VS
olsberg,AG
olten,SO
oltingen,BL
onex,GE
onnens fr,FR
onnens vd,VD
opfershofen tg,TG
opfertshofen sh,SH
opfikon,ZH
oppens,VD
oppikon,TG
oppligen,BE
orbe,VD
orges,VD
origlio,TI
ormalingen,BL
orny,VD
oron la ville,VD
oron le chatel,VD
orpund,BE
orselina,TI
orsieres,VS
orsonnens,FR
ortschwaben,BE
orvin,BE
orzens,VD
oschwand,BE
osco,TI
osogna,TI
ospizio bernina,GR
ossingen,ZH
osterfingen,SH
ostermundigen,BE
otelfingen,ZH
othmarsingen,AG
ottenbach,ZH
ottikon b kemptthal,ZH
ottikon gossau zh,ZH
ottoberg,TG
oulens sous echallens,VD
oulens sur lucens,VD
ovronnaz,VS
pagig,GR
pailly,VD
palagnedra,TI
palasuit liddes,VS
palezieux,VD
palezieux village,VD
pambio noranco,TI
pampigny,VD
panex,VD
pany,GR
paradiso,TI
parpan,GR
parsonz,GR
paspels,GR
passugg,GR
paudex,VD
payerne,VD
pazzallo,TI
peccia,TI
pedrinate,TI
peiden,GR
peist,GR
peney le jorat,VD
pensier,FR
penthalaz,VD
penthaz,VD
penthereaz,VD
perlen,LU
perly,GE
perrefitte,BE
perroy,VD
personico,TI
pery,BE
peseux,NE
petit lancy,GE
petit martel,NE
petit vicheres liddes,VS
peyres possens,VD
pfafers,SG
pfaffhausen,ZH
pfaffikon sz,SZ
pfaffikon zh,ZH
pfaffnau,LU
pfeffikon lu,LU
pfeffingen,BL
pfungen,ZH
pfyn,TG
piandera paese,TI
pianezzo,TI
piano di peccia,TI
piazzogna,TI
pierrafortscha,FR
pieterlen,BE
pignia,GR
pigniu,GR
pilatus kulm,OW
piotta,TI
pitasch,GR
pizy,VD
plaffeien,FR
plagne,BE
plan les ouates,GE
plasselb,FR
platta,GR
plaun da lej,GR
pleigne,JU
pleujouse,JU
plons,SG
pohlern,BE
poliez le grand,VD
poliez pittet,VD
pollegio,TI
pompaples,VD
pomy,VD
pont de la morge sion,VS
pont la ville,FR
pont veveyse,FR
ponte capriasca,TI
ponte tresa,TI
pontenet,BE
ponthaux,FR
ponto valentino,TI
pontresina,GR
porrentruy,JU
porsel,FR
port,BE
portalban,FR
portein,GR
porto ronco,TI
porza,TI
posat,FR
poschiavo,GR
posieux,FR
praden,GR
pragg jenaz,GR
prahins,VD
prangins,VD
praratoud,FR
prato leventina,TI
prato sornico,TI
pratteln,BL
pratval,GR
pravidondaz salins,VS
praz,GR
praz de fort,VS
praz vully,FR
preda,GR
pregassona,TI
preles,BE
premier,VD
preonzo,TI
presinge,GE
preverenges,VD
prevondavaux,FR
prevonloup,VD
prez vers noreaz,FR
prez vers siviriez,FR
prilly,VD
pringy,FR
produit leytron,VS
progens,FR
promasens,FR
promontogno,GR
prosito,TI
provence,VD
prugiasco,TI
pugerna,TI
puidoux,VD
pully,VD
puplinge,GE
pura,TI
purasca,TI
pusserein,GR
putz,GR
quarten,SG
quartino,TI
quinten,SG
quinto,TI
rabius,GR
radelfingen b aarberg,BE
rafz,ZH
rain,LU
ramersberg,OW
ramismuhle,ZH
ramiswil,SO
ramlinsburg,BL
ramosch,GR
ramsei,BE
ramsen,SH
rancate,TI
rances,VD
randa,VS
randogne,VS
ranfluh,BE
ranzo,TI
raperswilen,TG
rapperswil be,BE
rapperswil sg,SG
raron,VS
rasa,TI
ravoire,VS
realp,UR
rebeuvelier,JU
rebevelier,BE
rebstein,SG
recherswil,SO
rechthalten,FR
rechy,VS
reckingen vs,VS
reclere,JU
reconvilier,BE
regensberg,ZH
regensdorf,ZH
rehetobel,AR
reichenbach im kandertal,BE
reichenburg,SZ
reiden,LU
reidermoos,LU
reigoldswil,BL
reinach ag,AG
reinach bl,BL
reisiswil,BE
reitnau,AG
rekingen ag,AG
remaufens,FR
remetschwil,AG
remigen,AG
renan be,BE
renens vd,VD
rengg,LU
rennaz,VD
retschwil,LU
reute ar,AR
reutigen,BE
reutlingen winterthur,ZH
reverolle,VD
rhazuns,GR
rheinau,ZH
rheineck,SG
rheinfelden,AG
rheinklingen,TG
rheinsulz,AG
riaz,FR
riazzino,TI
richenthal,LU
richigen,BE
richterswil,ZH
ricken sg,SG
rickenbach b schwyz,SZ
rickenbach b wil,TG
rickenbach bl,BL
rickenbach lu,LU
rickenbach so,SO
rickenbach sulz,ZH
rickenbach zh,ZH
ricketwil winterthur,ZH
riddes,VS
ried b kerzers,FR
ried brig,VS
ried frutigen,BE
ried morel,VS
ried muotathal,SZ
rieden ag,AG
rieden sg,SG
riederalp,VS
riedern,GL
riedholz,SO
riedikon,ZH
riedstatt,BE
riedt b erlen,TG
riedtwil,BE
riehen,BS
riein,GR
riet neftenbach,ZH
rietheim,AG
riex,VD
riffenmatt,BE
rifferswil,ZH
riggisberg,BE
rigi klosterli,SZ
rigi kulm,SZ
rigi scheidegg,SZ
rigi staffel,SZ
riken ag,AG
rikon im tosstal,ZH
ringgenberg be,BE
ringoldswil,BE
riniken,AG
riom,GR
risch,ZG
ritzingen,VS
riva san vitale,TI
rivaz,VD
rive haute liddes,VS
riveo,TI
rivera,TI
rizenbach,BE
robasacco,TI
roche d or,JU
roche vd,VD
rochefort,NE
roches be,BE
rocourt,JU
rodels,GR
rodersdorf,SO
rodi fiesso,TI
roggenburg,BL
roggliswil,LU
roggwil be,BE
roggwil tg,TG
rohr b olten,SO
rohrbach,BE
rohrbachgraben,BE
rohrmatt,LU
rolle,VD
romainmotier,VD
romairon,VD
romanel sur lausanne,VD
romanel sur morges,VD
romanens,FR
romanshorn,TG
rombach,AG
romerswil lu,LU
romont be,BE
romont fr,FR
romoos,LU
rona,GR
ronco sopra ascona,TI
rongellen,GR
root,LU
root d,LU
ropraz,VD
rorbas,ZH
rorschach,SG
rorschacherberg,SG
roschenz,BL
rosenlaui,BE
rossa,GR
rossemaison,JU
rossenges,VD
rossens fr,FR
rossens vd,VD
rosshausern,BE
rossiniere,VD
rossruti,SG
rossura,TI
rosswald,VS
rothenbach herzogenbuchsee,BE
rothenbach im emmental,BE
rothenbrunnen,GR
rothenburg,LU
rothenfluh,BL
rothenhausen,TG
rothenthurm,SZ
rothrist,AG
rothwald,VS
rotkreuz,ZG
rottenschwil,AG
rougemont,VD
roveredo gr,GR
roveredo ti,TI
rovio,TI
rovray,VD
rubigen,BE
ruderswil,BE
rudlingen,SH
rudolfingen,ZH
rudolfstetten,AG
rudtligen,BE
rue,FR
ruedisbach,BE
rueggisberg,BE
ruegsau,BE
ruegsauschachen,BE
ruegsbach,BE
rueras,GR
rueterswil,SG
rueun,GR
rueyres,VD
rueyres les pres,FR
rueyres st laurent,FR
rueyres treyfayes,FR
rufenach ag,AG
rufenacht be,BE
rufi,SG
rumendingen,BE
rumikon ag,AG
rumisberg,BE
rumlang,ZH
rumligen,BE
rumlikon,ZH
rumlingen,BL
runenberg,BL
rupperswil,AG
ruppoldsried,BE
ruschegg gambach,BE
ruschegg heubach,BE
ruschein,GR
ruschlikon,ZH
russikon,ZH
russin,GE
russo,TI
russy,FR
ruswil,LU
ruthi rheintal,SG
ruti b buren,BE
ruti b lyssach,BE
ruti b riggisberg,BE
ruti gl,GL
ruti zh,ZH
rutihof,AG
rutli,UR
rutschelen,BE
rutschwil dagerlen,ZH
ruttenen,SO
ruvigliana,TI
s antonino,TI
s antonio val morobbia,TI
s benedetg,GR
s bernardino,GR
s carlo poschiavo,GR
s carlo val bavona,TI
s chanf,GR
s nazzaro,TI
s pietro,TI
s vittore,GR
saanen,BE
saanenmoser,BE
saas almagell,VS
saas balen,VS
saas fee,VS
saas grund,VS
saas im prattigau,GR
sachseln,OW
saclentse,VS
safenwil,AG
safien platz,GR
safnern,BE
sagno,TI
sagogn,GR
saicourt,BE
saignelegier,JU
saillon,VS
sala capriasca,TI
saland,ZH
salavaux,VD
salenstein,TG
sales gruyere,FR
salez,SG
salgesch,VS
salins,VS
salmsach,TG
salorino,TI
salouf,GR
salvan,VS
salvenach,FR
samedan,GR
samnaun compatsch,GR
samnaun dorf,GR
samstagern,ZH
sargans,SG
sariswil,BE
sarmenstorf,AG
sarn,GR
sarnen,OW
sarreyer,VS
sarzens,VD
sassel,VD
satigny,GE
sattel,SZ
saubraz,VD
saulcy,JU
saules,NE
saules be,BE
savagnier,NE
saviese,VS
savigny,VD
savognin,GR
savosa,TI
sax,SG
saxeten,BE
saxon,VS
saxonne ayent,VS
says,GR
scareglia,TI
schachen b herisau,AR
schachen b reute,AR
schachen lu,LU
schaffhausen,SH
schafhausen im emmental,BE
schafisheim,AG
schalchen,ZH
schalunen,BE
schangnau,BE
schanis,SG
scharans,GR
scharnachtal,BE
schattdorf,UR
schattenhalb,BE
scheid,GR
schenkon,LU
scherz,AG
scherzingen,TG
scheunen,BE
scheuren,BE
schiers,GR
schindellegi,SZ
schinznach bad,AG
schinznach dorf,AG
schlans,GR
schlatt tg,TG
schlatt zh,ZH
schlattingen,TG
schleinikon,ZH
schleitheim,SH
schlierbach,LU
schlieren,ZH
schliern b koniz,BE
schlossrued,AG
schlosswil,BE
schluein,GR
schmerikon,SG
schmidigen muhleweg,BE
schmidshof,TG
schmiedrued,AG
schmitten albula,GR
schmitten fr,FR
schnaus,GR
schneisingen,AG
schnottwil,SO
schocherswil,TG
schofflisdorf,ZH
schoftland,AG
schonenbaumgarten,TG
schonenberg an der thur,TG
schonenberg zh,ZH
schonenbuch,BL
schonenwerd,SO
schongau,LU
schonholzerswilen,TG
schonried,BE
schotz,LU
schubelbach,SZ
schuders,GR
schupbach,BE
schupfart,AG
schupfen,BE
schupfheim,LU
schwaderloch,AG
schwadernau,BE
schwanden b brienz,BE
schwanden gl,GL
schwanden im emmental,BE
schwanden sigriswil,BE
schwandi b schwanden,GL
schwarzenbach huttwil,BE
schwarzenbach lu,LU
schwarzenbach sg,SG
schwarzenberg lu,LU
schwarzenburg,BE
schwarzenegg,BE
schwarzhausern,BE
schwarzsee,FR
schweizersholz,TG
schwellbrunn,AR
schwende,AI
schwenden im diemtigtal,BE
schwendi im weisstannental,SG
schwendibach,BE
schwerzenbach,ZH
schwyz,SZ
scuol,GR
sedeilles,VD
sedrun,GR
seeberg,BE
seedorf be,BE
seedorf ur,UR
seehof,BE
seelisberg,UR
seengen,AG
seewen so,SO
seewen sz,SZ
seewil,BE
seewis dorf,GR
seewis pardisla,GR
seewis schmitten,GR
seftigen,BE
segnas,GR
seigneux,VD
seiry,FR
seleute,JU
selkingen,VS
selma,GR
seltisberg,BL
selzach,SO
sembrancher,VS
sementina,TI
semione,TI
sempach,LU
sempach station,LU
semsales,FR
senarclens,VD
senedes,FR
sennhof winterthur,ZH
sennwald,SG
sent,GR
seon,AG
sergey,VD
serneus,GR
serpiano,TI
servion,VD
seseglio,TI
sessa,TI
seuzach,ZH
sevaz,FR
sevelen,SG
severy,VD
sevgein,GR
sfazu,GR
siat,GR
siblingen,SH
siebnen,SZ
siegershausen,TG
sierre,VS
siggenthal station,AG
sigigen,LU
sigirino,TI
siglistorf,AG
signau,BE
signese ayent,VS
signora,TI
signy,VD
sigriswil,BE
sihlbrugg station,ZH
sihlwald,ZH
silenen,UR
sils im domleschg,GR
sils segl baselgia,GR
sils segl maria,GR
silvaplana,GR
silvaplana surlej,GR
simplon dorf,VS
simplon hospiz,VS
sins,AG
sion,VS
sirnach,TG
siselen be,BE
sissach,BL
sisseln ag,AG
sitterdorf,TG
siviez nendaz,VS
siviriez,FR
soazza,GR
sobrio,TI
soglio,GR
solduno,TI
solothurn,SO
someo,TI
sommentier,FR
sommeri,TG
sonceboz sombeval,BE
sonnental,SG
sonogno,TI
sonterswil,TG
sonvico,TI
sonvilier,BE
sool,GL
soral,GE
sorenberg,LU
sorengo,TI
sorens,FR
sornard nendaz,VS
sornetan,BE
sorvilier,BE
sottens,VD
soubey,JU
souboz,BE
soulce,JU
soyhieres,JU
speicher,AR
speicherschwendi,AR
spiegel b bern,BE
spiez,BE
spiringen,UR
splugen,GR
spreitenbach,AG
spruga,TI
st antoni,FR
st antonien,GR
st aubin fr,FR
st aubin sauges,NE
st barthelemy vd,VD
st blaise,NE
st brais,JU
st cergue,VD
st cierges,VD
st erhard,LU
st gallen,SG
st gallenkappel,SG
st george,VD
st german,VS
st gingolph,VS
st imier,BE
st jean vs,VS
st josefen,SG
st legier la chiesaz,VD
st leonard,VS
st livres,VD
st luc,VS
st margarethen tg,TG
st margrethen sg,SG
st margrethenberg,SG
st martin fr,FR
st martin lugnez,GR
st martin vs,VS
st maurice,VS
st moritz,GR
st niklaus vs,VS
st niklausen lu,LU
st niklausen ow,OW
st oyens,VD
st pantaleon,SO
st pelagiberg,TG
st peter,GR
st peterzell,SG
st pierre de clages,VS
st prex,VD
st romain ayent,VS
st saphorin lavaux,VD
st saphorin sur morges,VD
st severin,VS
st silvester,FR
st stephan,BE
st sulpice ne,NE
st sulpice vd,VD
st triphon,VD
st urban,LU
st ursanne,JU
st ursen,FR
sta domenica,GR
sta maria in calanca,GR
sta maria val mustair,GR
staad sg,SG
stabio,TI
stachen,TG
stadel b niederglatt,ZH
stadel winterthur,ZH
stafa,ZH
staffelbach,AG
stalden sarnen,OW
stalden vs,VS
staldenried,VS
stallikon,ZH
stampa,GR
stans,NW
stansstad,NW
starrkirch wil,SO
staufen,AG
ste croix,VD
stechelberg,BE
steckborn,TG
steffisburg,BE
steg im tosstal,ZH
steg vs,VS
stehrenberg,TG
stein ag,AG
stein am rhein,SH
stein ar,AR
stein sg,SG
steinach,SG
steinebrunn,TG
steinen,SZ
steinerberg,SZ
steinhaus,VS
steinhausen,ZG
steinhof so,SO
steinhuserberg,LU
steinmaur,ZH
stels,GR
sternenberg,ZH
stetten ag,AG
stetten sh,SH
stettfurt,TG
stettlen,BE
stierva,GR
stilli,AG
stoos sz,SZ
strada,GR
strengelbach,AG
studen be,BE
studen sz,SZ
stugl stuls,GR
stusslingen,SO
suberg,BE
subingen,SO
suchy,VD
suderen,BE
suen st martin,VS
sufers,GR
sugiez,FR
sugnens,VD
suhr,AG
sulgen,TG
sullens,VD
sulz ag,AG
sulz lu,LU
sulzbach,ZH
sumiswald,BE
summaprada,GR
sumvitg,GR
sundlauenen,BE
sunikon,ZH
sur,GR
surava,GR
surcasti,GR
surcuolm,GR
surpierre,FR
surrein,GR
sursee,LU
suscevaz,VD
susch,GR
susten,VS
sutz,BE
syens,VD
tafers,FR
tagelswangen,ZH
tagerig,AG
tagerschen,TG
tagertschi,BE
tagerwilen,TG
tamins,GR
tann,ZH
tannay,VD
tarasp,GR
tartar,GR
tartegnin,VD
tasch,VS
tatroz,FR
tauffelen,BE
tavanasa,GR
tavannes,BE
taverne,TI
tecknau,BL
tegerfelden,AG
tegna,TI
tenero,TI
tenna,GR
tenniken,BL
tennwil,AG
tentlingen,FR
termen,VS
territet,VD
tersnaus,GR
tesserete,TI
teufen ar,AR
teufen zh,ZH
teufenthal ag,AG
teuffenthal b thun,BE
thal,SG
thalheim ag,AG
thalheim an der thur,ZH
thalkirch,GR
thalwil,ZH
thayngen,SH
theilingen,ZH
therwil,BL
thielle,NE
thierachern,BE
thierrens,VD
thonex,GE
thorigen,BE
thorishaus,BE
thun,BE
thundorf,TG
thunstetten,BE
thurnen,BL
thusis,GR
thyon,VS
tiefencastel,GR
tinizong,GR
titterten,BL
tobel,TG
toffen,BE
tolochenaz,VD
torbel,VS
torgon,VS
torny le grand,FR
torre,TI
torricella,TI
trachselwald,BE
trachslau,SZ
tramelan,BE
trans,GR
trasadingen,SH
travers,NE
treiten,BE
trelex,VD
tremona,TI
trey,VD
treycovagnes,VD
treytorrens payerne,VD
treyvaux,FR
triboltingen,TG
triengen,LU
trient,VS
trimbach,SO
trimmis,GR
trimstein,BE
trin,GR
trin mulin,GR
trogen,AR
trogne st martin,VS
troinex,GE
troistorrents,VS
trub,BE
trubbach,SG
trubschachen,BE
trullikon,ZH
trun,GR
truttikon,ZH
tschappina,GR
tscheppach,SO
tscherlach,SG
tschiertschen,GR
tschierv,GR
tschingel ob gunten,BE
tschlin,GR
tschugg,BE
tubach,SG
tuggen,SZ
tumegl tomils,GR
turbach,BE
turbenthal,ZH
turgi,AG
turin salins,VS
turtmann,VS
tuscherz alfermee,BE
tuttwil,TG
twann,BE
udligenswil,LU
ueberstorf,FR
uebeschi,BE
ueken,AG
uerikon,ZH
uerkheim,AG
uerschhausen,TG
uerzlikon,ZH
uesslingen,TG
uetendorf,BE
uetikon am see,ZH
uetliberg,ZH
uetliburg sg,SG
uettligen,BE
uezwil,AG
uffikon,LU
ufhusen,LU
uhwiesen,ZH
uitikon waldegg,ZH
ulisbach,SG
ulmiz,FR
ulrichen,VS
umiken,AG
undervelier,JU
unterageri,ZG
unterbach be,BE
unterbach vs,VS
untereggen,SG
unterems,VS
unterendingen,AG
unterengstringen,ZH
unterentfelden,AG
unteriberg,SZ
unterkulm,AG
unterlangenegg,BE
unterlunkhofen,AG
unterohringen,ZH
unterramsern,SO
unterrindal,SG
unterschachen,UR
unterseen,BE
untersiggenthal,AG
unterstammheim,ZH
untersteckholz,BE
unterterzen,SG
untervaz,GR
unterwasser,SG
uors lumnezia,GR
urdorf,ZH
urmein,GR
urnasch,AR
urnerboden,UR
ursenbach,BE
ursins,VD
urswil,LU
ursy,FR
urtenen schonbuhl,BE
uster,ZH
uttigen,BE
uttwil,TG
utzenstorf,BE
utzigen,BE
uvrier,VS
uznach,SG
uzwil,SG
vacallo,TI
vadura,SG
vaglio,TI
vairano,TI
val d illiez,VS
valangin,NE
valbella,GR
valchava,GR
valendas,GR
valens,SG
valeyres sous montagny,VD
valeyres sous rances,VD
valeyres sous ursins,VD
vallamand,VD
vallon,FR
vallorbe,VD
vals,GR
valzeina,GR
vandoeuvres,GE
varen,VS
vason,SG
vattiz,GR
vauderens,FR
vauffelin,BE
vaugondry,VD
vaulion,VD
vaulruz,FR
vaumarcus,NE
vaux sur morges,VD
vaz obervaz,GR
vella,GR
vellerat,JU
veltheim ag,AG
vendlincourt,JU
vens sembrancher,VS
venthone,VS
verbier,VS
vercorin,VS
verdabbio,GR
verdasio,TI
vergeletto,TI
vermes,JU
vernamiege,VS
vernate,TI
vernayaz,VS
vernier,GE
verossaz,VS
vers chez perrin,VD
vers l eglise,VD
versam,GR
verscio,TI
versegeres,VS
versoix,GE
vesenaz,GE
vesin,FR
vessy,GE
vetroz,VS
vevey,VD
vex,VS
veyras,VS
veyrier,GE
veysonnaz,VS
veytaux,VD
vezia,TI
vezio,TI
viano,GR
vich,VD
vicheres liddes,VS
vico morcote,TI
vicosoprano,GR
vicques,JU
vielbringen b worb,BE
viganello,TI
vignogn,GR
vilars ne,NE
villa ayent,VS
villa bedretto,TI
villa evolene,VS
villa luganese,TI
villaraboud,FR
villarbeney,FR
villard sur chamby,VD
villarepos,FR
villargiroud,FR
villariaz,FR
villarimboud,FR
villarlod,FR
villars bozon,VD
villars bramard,VD
villars burquin,VD
villars epeney,VD
villars le comte,VD
villars le grand,VD
villars le terroir,VD
villars mendraz,VD
villars sous champvent,VD
villars sous mont,FR
villars sous yens,VD
villars ste croix,VD
villars sur fontenais,JU
villars sur glane,FR
villars sur ollon,VD
villars tiercelin,VD
villarsel le gibloux,FR
villarsel sur marly,FR
villarsiviriaux,FR
villarvolard,FR
villarzel,VD
villaz st pierre,FR
villeneuve fr,FR
villeneuve vd,VD
villeret,BE
villette lavaux,VD
villiers,NE
villigen,AG
villmergen,AG
villnachern,AG
vilters,SG
vinelz,BE
vinzel,VD
vionnaz,VS
vira gambarogno,TI
visp,VS
visperterminen,VS
vissoie,VS
vitznau,LU
vna,GR
vogelsang ag,AG
vogorno,TI
volken,ZH
volketswil,ZH
volleges,VS
vordemwald,AG
vorderthal,SZ
vouvry,VS
vrin,GR
vuadens,FR
vuarmarens,FR
vuarrens,VD
vucherens,VD
vufflens la ville,VD
vufflens le chateau,VD
vugelles la mothe,VD
vuibroye,VD
vuippens,FR
vuissens,FR
vuisternens devant romont,FR
vuisternens en ogoz,FR
vuiteboeuf,VD
vulliens,VD
vullierens,VD
vulpera,GR
wabern,BE
wadenswil,ZH
wagen,SG
wagenhausen,TG
wagerswil,TG
wahlen b laufen,BL
wahlendorf,BE
walchwil,ZG
wald ar,AR
wald zh,ZH
walde ag,AG
walde sg,SG
waldenburg,BL
waldhausern ag,AG
waldi,TG
waldkirch,SG
waldstatt,AR
walenstadt,SG
walenstadtberg,SG
walkringen,BE
wallbach,AG
wallenbuch,FR
wallenried,FR
wallenwil,TG
wallisellen,ZH
walliswil b niederbipp,BE
walliswil b wangen,BE
walperswil,BE
waltalingen,ZH
waltensburg vuorz,GR
waltenschwil,AG
walterswil be,BE
walterswil so,SO
walzenhausen,AR
wangen an der aare,BE
wangen b dubendorf,ZH
wangen b olten,SO
wangen sz,SZ
wangenried,BE
wangi,TG
wangs,SG
wanzwil,BE
warth,TG
wasen im emmental,BE
wassen ur,UR
wasserauen,AI
wasterkingen,ZH
watt,ZH
wattenwil,BE
wattwil,SG
wauwil,LU
wavre,NE
wegenstetten,AG
weggis,LU
weiach,ZH
weier im emmental,BE
weinfelden,TG
weingarten kalthausern,TG
weiningen tg,TG
weiningen zh,ZH
weissbad,AI
weissenburg,BE
weissenstein b solothurn,SO
weisslingen,ZH
weisstannen,SG
weite,SG
welschenrohr,SO
wengen,BE
wengi b buren,BE
wengi b frutigen,BE
wenslingen,BL
werdenberg,SG
wergenstein,GR
wermatswil,ZH
wernetshausen,ZH
werthenstein,LU
wettingen,AG
wettswil,ZH
wetzikon tg,TG
wetzikon zh,ZH
wichtrach,BE
widen,AG
widnau,SG
wiedlisbach,BE
wienacht tobel,AR
wiesenberg,NW
wiesendangen,ZH
wiezikon b sirnach,TG
wiggen,LU
wiggiswil,BE
wigoltingen,TG
wikon,LU
wil ag,AG
wil sg,SG
wil zh,ZH
wila,ZH
wilchingen,SH
wildberg,ZH
wildegg,AG
wildensbuch,ZH
wilderswil,BE
wildhaus,SG
wilen b wil,TG
wilen b wollerau,SZ
wilen gottshaus,TG
wilen sarnen,OW
wiler b seedorf,BE
wiler b utzenstorf,BE
wiler lotschen,VS
wileroltigen,BE
wiliberg,AG
wilihof,LU
willadingen,BE
willerzell,SZ
willisau,LU
willisdorf,TG
wimmis,BE
winden,TG
windisch,AG
windlach,ZH
winikon,LU
winistorf,SO
winkel,ZH
winterberg zh,ZH
wintersingen,BL
winterthur,ZH
winznau,SO
wirzweli,NW
wisen so,SO
wislikofen,AG
wittenbach,SG
wittenwil,TG
witterswil,SO
wittinsburg,BL
wittnau,AG
wittwil,AG
wohlen ag,AG
wohlen b bern,BE
wohlenschwil,AG
wolfenschiessen,NW
wolfertswil,SG
wolfhalden,AR
wolfhausen,ZH
wolfisberg,BE
wolflinswil,AG
wolfwil,SO
wolhusen,LU
wollerau,SZ
worb,BE
worben,BE
worblaufen,BE
woschnau,SO
wunnewil,FR
wuppenau,TG
wurenlingen,AG
wurenlos,AG
wynau,BE
wynigen,BE
wyssachen,BE
yens,VD
yverdon les bains,VD
yvonand,VD
yvorne,VD
zauggenried,BE
zaziwil,BE
zeglingen,BL
zeihen,AG
zeiningen,AG
zell lu,LU
zell zh,ZH
zenauva,FR
zeneggen,VS
zermatt,VS
zernez,GR
zetzwil,AG
zezikon,TG
ziefen,BL
zielebach,BE
zignau,GR
zihlschlacht,TG
zillis,GR
zimmerwald,BE
zinal,VS
zizers,GR
zofingen,AG
zollbruck,BE
zollikerberg,ZH
zollikofen,BE
zollikon,ZH
zuben,TG
zuberwangen,SG
zuchwil,SO
zuckenriet,SG
zufikon,AG
zug,ZG
zugerberg,ZG
zullwil,SO
zumholz,FR
zumikon,ZH
zunzgen,BL
zuoz,GR
zurich,ZH
zuzgen,AG
zuzwil be,BE
zuzwil sg,SG
zweidlen,ZH
zweilutschinen,BE
zweisimmen,BE
zwieselberg,BE
zwillikon,ZH
zwingen,BL
zwischenfluh,BE
